{"stat.chestOpened":1,"stat.walkOneCm":18885,"stat.pickup.minecraft.wooden_slab":3,"stat.useItem.minecraft.chest":1,"stat.pickup.sky_orchards.sapling_dirt":27,"stat.craftItem.minecraft.planks":92,"stat.craftItem.minecraft.dirt":2,"stat.damageTaken":380,"stat.craftItem.minecraft.crafting_table":1,"stat.craftItem.inspirations.wooden_crook":1,"stat.useItem.tconstruct.rack":2,"stat.mineBlock.sky_orchards.leaves_dirt":192,"stat.craftItem.morecauldrons.oak_cauldron":2,"stat.pickup.sky_orchards.resin_dirt":39,"stat.mineBlock.minecraft.wooden_slab":2,"stat.useItem.inspirations.wooden_crook":118,"stat.pickup.minecraft.log":24,"stat.flyOneCm":29,"stat.deaths":1,"stat.drop":2,"stat.jump":10,"stat.drop.inspirations.wooden_crook":1,"stat.craftItem.tconstruct.rack":4,"stat.playOneMinute":22429,"stat.fallOneCm":66796,"stat.craftItem.minecraft.wooden_slab":102,"stat.sneakTime":3232,"stat.crouchOneCm":10291,"stat.mineBlock.sky_orchards.log_dirt":24,"stat.timeSinceDeath":590,"stat.craftItem.minecraft.chest":2,"stat.pickup.sky_orchards.acorn_dirt":20,"stat.useItem.minecraft.dirt":1,"stat.drop.minecraft.log":1,"stat.sprintOneCm":152,"stat.useItem.minecraft.stone_slab2":11,"stat.useItem.minecraft.wooden_slab":90,"stat.useItem.sky_orchards.sapling_dirt":6,"stat.craftItem.minecraft.stick":12,"stat.craftingTableInteraction":13}