{"stats":{"minecraft:killed_by":{"deeperdarker:stalker":1},"minecraft:custom":{"minecraft:interact_with_furnace":12,"minecraft:mob_kills":25,"minecraft:interact_with_crafting_table":17,"minecraft:interact_with_cartography_table":1,"minecraft:open_barrel":6,"minecraft:leave_game":2,"minecraft:time_since_death":11994,"minecraft:sleep_in_bed":4,"minecraft:climb_one_cm":552,"minecraft:time_since_rest":4232,"minecraft:sprint_one_cm":94433,"minecraft:damage_taken":1520,"minecraft:walk_one_cm":99774,"minecraft:damage_blocked_by_shield":110,"minecraft:drop":23,"minecraft:damage_dealt":3173,"minecraft:swim_one_cm":26375,"minecraft:talked_to_villager":1,"minecraft:fly_one_cm":335213,"minecraft:open_chest":10,"minecraft:play_time":69393,"minecraft:crouch_one_cm":14846,"minecraft:sneak_time":4227,"minecraft:deaths":2,"minecraft:walk_under_water_one_cm":2196,"minecraft:jump":1317,"minecraft:interact_with_blast_furnace":5,"minecraft:walk_on_water_one_cm":7420,"minecraft:total_world_time":69393,"minecraft:fall_one_cm":46886},"minecraft:crafted":{"minecraft:cooked_beef":8,"minecraft:oak_planks":68,"minecraft:crafting_table":2,"minecraft:wooden_pickaxe":1,"minecraft:furnace":1,"minecraft:stone":3,"minecraft:stone_axe":1,"minecraft:cooked_mutton":18,"minecraft:air":0,"justhammers:iron_hammer":1,"minecraft:iron_chestplate":1,"minecraft:shield":1,"minecraft:stick":16,"minecraft:iron_ingot":9,"minecraft:iron_pickaxe":1,"minecraft:stone_pickaxe":1,"minecraft:wooden_axe":1,"minecraft:chest":2,"minecraft:stone_sword":1,"minecraft:iron_leggings":1,"minecraft:white_bed":1,"minecraft:torch":32},"minecraft:broken":{"minecraft:stone_pickaxe":1},"minecraft:killed":{"minecraft:sheep":13,"minecraft:skeleton":2,"minecraft:zombie":2,"deeperdarker:sculk_leech":1,"friendsandfoes:moobloom":1,"artifacts:mimic":1,"minecraft:cow":4},"minecraft:used":{"minecraft:cooked_mutton":8,"minecraft:stone_sword":44,"minecraft:stone_pickaxe":132,"minecraft:oak_planks":7,"minecraft:wooden_pickaxe":17,"minecraft:chest":3,"minecraft:shield":3,"minecraft:iron_chestplate":1,"minecraft:torch":37,"minecraft:dirt":10,"minecraft:crafting_table":6,"minecraft:blast_furnace":1,"minecraft:white_bed":3,"justhammers:iron_hammer":54,"minecraft:wooden_axe":17,"minecraft:iron_pickaxe":7,"minecraft:stone_axe":19,"minecraft:furnace":2,"minecraft:cooked_beef":8,"minecraft:cobweb":2},"minecraft:picked_up":{"minecraft:wooden_axe":1,"minecraft:iron_chestplate":1,"minecraft:crafting_table":5,"minecraft:cooked_beef":2,"artifacts:digging_claws":2,"minecraft:glow_ink_sac":8,"minecraft:leather":8,"minecraft:wooden_pickaxe":2,"minecraft:enchanted_book":2,"minecraft:potion":2,"minecraft:tuff":104,"minecraft:oak_log":19,"minecraft:shield":1,"minecraft:dirt":12,"minecraft:string":49,"minecraft:iron_leggings":1,"minecraft:cooked_mutton":31,"minecraft:bone":3,"minecraft:candle":1,"minecraft:cobbled_deepslate":822,"minecraft:iron_ingot":47,"minecraft:beef":11,"minecraft:stone_pickaxe":3,"minecraft:cobweb":19,"minecraft:iron_pickaxe":1,"minecraft:lectern":4,"minecraft:chest":1,"minecraft:oak_planks":33,"minecraft:furnace":1,"minecraft:raw_iron":90,"minecraft:stick":17,"minecraft:torch":14,"justhammers:iron_hammer":1,"minecraft:sand":16,"minecraft:blast_furnace":1,"minecraft:white_bed":2,"minecraft:redstone":64,"minecraft:stone_sword":2,"minecraft:arrow":2,"minecraft:rotten_flesh":113,"minecraft:diamond":6,"minecraft:stone_axe":2,"minecraft:golden_apple":2,"minecraft:gold_ingot":8,"minecraft:emerald":8,"minecraft:oak_sapling":4,"minecraft:mutton":18,"minecraft:coal":64,"minecraft:white_wool":23,"minecraft:cobblestone":102},"minecraft:dropped":{"minecraft:stone_axe":1,"minecraft:candle":1,"minecraft:glow_ink_sac":2,"minecraft:stone_sword":1,"minecraft:rotten_flesh":39,"minecraft:leather":2,"minecraft:cobweb":13,"minecraft:dirt":1,"minecraft:torch":2,"minecraft:sand":3,"minecraft:arrow":2,"minecraft:wooden_pickaxe":1,"minecraft:stone_pickaxe":1,"minecraft:bone":3},"minecraft:mined":{"minecraft:deepslate_redstone_ore":1,"minecraft:tuff":6,"minecraft:white_bed":1,"deeperdarker:ancient_vase":11,"minecraft:sculk_vein":1,"minecraft:crafting_table":4,"minecraft:short_grass":6,"minecraft:blast_furnace":1,"minecraft:lectern":2,"minecraft:tall_grass":1,"minecraft:oak_planks":1,"minecraft:sculk":3,"minecraft:tall_seagrass":1,"minecraft:furnace":1,"minecraft:iron_ore":31,"minecraft:sculk_shrieker":1,"minecraft:oak_log":19,"minecraft:coal_ore":60,"minecraft:deepslate_iron_ore":4,"minecraft:sand":13,"minecraft:dirt":1,"minecraft:stone":47,"minecraft:oak_leaves":1,"minecraft:deepslate":47}},"DataVersion":3955}