{"stats":{"minecraft:killed_by":{"deeperdarker:stalker":1},"minecraft:picked_up":{"minecraft:wooden_axe":1,"minecraft:crafting_table":5,"minecraft:iron_chestplate":2,"minecraft:wheat":7,"minecraft:azure_bluet":11,"minecraft:clay_ball":16,"minecraft:wooden_pickaxe":2,"minecraft:oak_stairs":70,"minecraft:potion":2,"minecraft:enchanted_book":3,"minecraft:shield":2,"minecraft:polished_deepslate":23,"minecraft:string":107,"minecraft:oak_trapdoor":2,"minecraft:iron_leggings":1,"minecraft:iron_shovel":1,"minecraft:deepslate_tiles":52,"minecraft:cartography_table":1,"minecraft:candle":1,"minecraft:cobbled_deepslate":2169,"minecraft:beef":14,"minecraft:oak_boat":10,"minecraft:iron_pickaxe":1,"minecraft:lectern":6,"minecraft:chest":1,"minecraft:furnace":1,"minecraft:stick":37,"minecraft:raw_iron":92,"minecraft:oak_door":2,"minecraft:composter":3,"minecraft:oak_fence":5,"minecraft:torch":28,"minecraft:diorite":3,"minecraft:carrot":12,"minecraft:redstone":119,"minecraft:cauldron":11,"minecraft:stone_sword":2,"minecraft:arrow":3,"deeperdarker:soul_dust":6,"minecraft:rotten_flesh":174,"minecraft:shears":1,"minecraft:gold_ingot":43,"minecraft:white_terracotta":47,"minecraft:mutton":18,"minecraft:skeleton_skull":1,"minecraft:white_wool":23,"minecraft:cobblestone":380,"minecraft:oxeye_daisy":10,"minecraft:stripped_oak_log":16,"minecraft:cooked_beef":2,"artifacts:digging_claws":2,"minecraft:glow_ink_sac":8,"minecraft:leather":8,"minecraft:potato":17,"minecraft:flint":2,"minecraft:tuff":128,"minecraft:oak_log":104,"minecraft:yellow_bed":4,"minecraft:cobblestone_stairs":1,"artifacts:pickaxe_heater":1,"minecraft:lapis_lazuli":87,"minecraft:dirt":313,"minecraft:cooked_mutton":31,"minecraft:bone":4,"minecraft:stonecutter":1,"minecraft:wheat_seeds":67,"minecraft:iron_ingot":92,"minecraft:grindstone":6,"minecraft:stone_pickaxe":3,"minecraft:cobweb":38,"minecraft:fletching_table":1,"minecraft:iron_sword":1,"minecraft:oak_planks":77,"minecraft:oak_slab":1,"minecraft:dandelion":50,"minecraft:gravel":14,"justhammers:iron_hammer":1,"minecraft:sand":35,"deeperdarker:soul_crystal":2,"minecraft:spruce_sapling":5,"minecraft:blast_furnace":4,"minecraft:white_bed":4,"minecraft:spruce_log":20,"minecraft:mossy_cobblestone":6,"minecraft:yellow_carpet":4,"minecraft:diamond":16,"minecraft:stone_axe":2,"minecraft:granite":2,"minecraft:golden_apple":10,"minecraft:gray_wool":39,"minecraft:bread":48,"minecraft:emerald":17,"minecraft:terracotta":2,"minecraft:oak_sapling":4,"minecraft:coal":84,"minecraft:diamond_pickaxe":1},"minecraft:crafted":{"minecraft:grindstone":1,"minecraft:smooth_stone":3,"minecraft:oak_planks":480,"minecraft:furnace":2,"minecraft:blast_furnace":1,"minecraft:light_gray_wool":3,"minecraft:stone":6,"minecraft:cooked_mutton":18,"minecraft:oak_trapdoor":4,"minecraft:glass":13,"minecraft:iron_boots":1,"minecraft:polished_deepslate":524,"minecraft:iron_axe":1,"travelersbackpack:light_gray_sleeping_bag":1,"minecraft:stone_pickaxe":10,"minecraft:chest":7,"minecraft:oak_fence":3,"minecraft:cooked_beef":8,"minecraft:oak_slab":6,"minecraft:emerald":22,"minecraft:crafting_table":2,"minecraft:spruce_planks":80,"minecraft:wooden_pickaxe":1,"minecraft:iron_helmet":1,"minecraft:iron_sword":1,"minecraft:smithing_table":1,"minecraft:fletching_table":1,"minecraft:deepslate_tiles":376,"minecraft:stone_axe":1,"minecraft:polished_deepslate_slab":6,"minecraft:bread":108,"minecraft:air":0,"minecraft:oak_boat":3,"justhammers:iron_hammer":4,"minecraft:iron_chestplate":1,"minecraft:shield":1,"minecraft:stick":740,"minecraft:stone_slab":6,"minecraft:iron_ingot":21,"minecraft:iron_pickaxe":1,"minecraft:wooden_axe":1,"minecraft:stone_sword":1,"minecraft:iron_shovel":2,"minecraft:iron_leggings":1,"minecraft:light_gray_dye":3,"minecraft:white_bed":1,"minecraft:torch":92,"minecraft:deepslate_bricks":376},"minecraft:killed":{"minecraft:skeleton":4,"deeperdarker:sculk_leech":10,"artifacts:mimic":1,"minecraft:sheep":13,"minecraft:zombie":3,"minecraft:donkey":1,"friendsandfoes:moobloom":2,"minecraft:cow":4},"minecraft:custom":{"minecraft:mob_kills":42,"minecraft:interact_with_crafting_table":46,"minecraft:open_barrel":9,"minecraft:leave_game":5,"minecraft:time_since_death":165370,"minecraft:climb_one_cm":552,"minecraft:sprint_one_cm":336354,"minecraft:walk_one_cm":378750,"minecraft:damage_blocked_by_shield":150,"minecraft:drop":49,"minecraft:talked_to_villager":59,"minecraft:play_time":222769,"minecraft:sneak_time":25460,"minecraft:deaths":2,"minecraft:walk_under_water_one_cm":4257,"minecraft:boat_one_cm":6160,"minecraft:jump":4155,"minecraft:interact_with_blast_furnace":5,"minecraft:walk_on_water_one_cm":15189,"minecraft:total_world_time":223215,"minecraft:interact_with_furnace":26,"minecraft:traded_with_villager":49,"minecraft:interact_with_cartography_table":1,"minecraft:interact_with_grindstone":2,"minecraft:sleep_in_bed":11,"minecraft:time_since_rest":12361,"minecraft:damage_taken":2187,"minecraft:damage_dealt":7087,"minecraft:swim_one_cm":39505,"minecraft:fly_one_cm":982754,"minecraft:open_chest":164,"minecraft:crouch_one_cm":105000,"minecraft:fall_one_cm":116886},"minecraft:broken":{"minecraft:iron_shovel":1,"minecraft:stone_pickaxe":1,"minecraft:stone_axe":1},"minecraft:mined":{"minecraft:deepslate_tiles":12,"minecraft:tuff":9,"minecraft:white_bed":3,"minecraft:mossy_cobblestone":3,"minecraft:deepslate_diamond_ore":4,"minecraft:sculk_vein":2,"minecraft:grass_block":288,"minecraft:yellow_carpet":4,"minecraft:spruce_leaves":7,"minecraft:composter":3,"minecraft:cartography_table":1,"minecraft:oxeye_daisy":7,"minecraft:tall_seagrass":1,"minecraft:oak_trapdoor":1,"minecraft:carrots":8,"minecraft:furnace":1,"minecraft:iron_ore":32,"minecraft:cobbled_deepslate":3,"minecraft:deepslate_lapis_ore":2,"minecraft:fletching_table":1,"minecraft:azure_bluet":11,"minecraft:polished_deepslate":23,"minecraft:sculk_shrieker":5,"minecraft:potatoes":5,"minecraft:water_cauldron":4,"minecraft:deepslate_iron_ore":6,"minecraft:oak_stairs":56,"minecraft:stripped_oak_log":16,"minecraft:stone":72,"minecraft:deepslate_redstone_ore":1,"minecraft:oak_slab":1,"deeperdarker:ancient_vase":51,"minecraft:dandelion":40,"minecraft:clay":2,"minecraft:oak_fence":5,"minecraft:crafting_table":4,"minecraft:short_grass":295,"minecraft:blast_furnace":4,"minecraft:lectern":4,"minecraft:tall_grass":31,"minecraft:cobblestone":17,"minecraft:deepslate_gold_ore":2,"minecraft:grindstone":6,"minecraft:oak_planks":23,"minecraft:sculk":4,"minecraft:wall_torch":1,"minecraft:cauldron":7,"minecraft:skeleton_skull":1,"minecraft:white_terracotta":12,"minecraft:gray_wool":40,"minecraft:wheat":14,"minecraft:spruce_log":20,"minecraft:yellow_bed":4,"minecraft:oak_log":76,"minecraft:coal_ore":68,"minecraft:gravel":13,"minecraft:dirt":10,"minecraft:sand":13,"minecraft:cobweb":2,"minecraft:terracotta":1,"minecraft:stonecutter":1,"minecraft:oak_leaves":1,"minecraft:deepslate":197},"minecraft:dropped":{"minecraft:bread":102,"minecraft:iron_sword":1,"minecraft:candle":1,"minecraft:glow_ink_sac":2,"minecraft:leather":2,"minecraft:cobweb":29,"minecraft:dirt":1,"minecraft:torch":2,"minecraft:sand":4,"minecraft:iron_shovel":1,"minecraft:bone":3,"minecraft:stone_axe":1,"minecraft:stone_sword":1,"minecraft:rotten_flesh":39,"minecraft:deepslate_tiles":40,"minecraft:shield":1,"minecraft:iron_chestplate":1,"artifacts:pickaxe_heater":1,"minecraft:arrow":2,"minecraft:stone_pickaxe":6,"minecraft:wooden_pickaxe":1},"minecraft:used":{"minecraft:oak_trapdoor":4,"minecraft:oak_fence":1,"minecraft:stone_sword":48,"minecraft:iron_shovel":286,"minecraft:polished_deepslate":94,"minecraft:chest":8,"minecraft:shield":4,"minecraft:iron_sword":79,"minecraft:iron_chestplate":1,"minecraft:torch":86,"minecraft:dirt":205,"minecraft:yellow_carpet":4,"minecraft:axolotl_bucket":1,"minecraft:glass":12,"minecraft:wooden_axe":17,"minecraft:iron_axe":72,"minecraft:furnace":2,"minecraft:cooked_beef":8,"minecraft:cobbled_deepslate":15,"minecraft:cooked_mutton":11,"minecraft:stone_pickaxe":174,"minecraft:oak_planks":26,"minecraft:cauldron":7,"minecraft:wooden_pickaxe":17,"minecraft:composter":3,"minecraft:fletching_table":2,"minecraft:polished_deepslate_slab":2,"minecraft:oak_slab":5,"minecraft:crafting_table":6,"minecraft:blast_furnace":5,"minecraft:white_bed":5,"justhammers:iron_hammer":284,"minecraft:shears":29,"minecraft:deepslate_tiles":20,"minecraft:bread":21,"minecraft:iron_pickaxe":69,"minecraft:lectern":4,"minecraft:spruce_sapling":5,"minecraft:stone_axe":138,"travelersbackpack:standard":1,"minecraft:cobblestone":3,"minecraft:grindstone":6,"minecraft:smithing_table":1,"minecraft:bucket":2,"minecraft:yellow_bed":4,"minecraft:oak_boat":13,"minecraft:gray_wool":39,"minecraft:cobweb":2}},"DataVersion":3955}