{"stats":{"minecraft:killed":{"minecraft:spider":1,"minecraft:skeleton":4,"deeperdarker:sculk_leech":10,"artifacts:mimic":1,"minecraft:iron_golem":1,"minecraft:sheep":13,"minecraft:donkey":1,"minecraft:zombie":7,"minecraft:cow":4,"minecraft:drowned":1,"friendsandfoes:moobloom":2,"minecraft:villager":2},"minecraft:broken":{"minecraft:iron_shovel":1,"minecraft:stone_pickaxe":1,"minecraft:stone_axe":1,"minecraft:iron_axe":4,"minecraft:iron_pickaxe":1},"minecraft:custom":{"minecraft:interact_with_crafting_table":51,"minecraft:open_barrel":9,"minecraft:bell_ring":7,"minecraft:leave_game":6,"minecraft:time_since_death":146333,"minecraft:sprint_one_cm":541953,"minecraft:damage_blocked_by_shield":550,"minecraft:drop":58,"minecraft:talked_to_villager":281,"minecraft:play_time":412928,"minecraft:deaths":3,"minecraft:jump":6528,"minecraft:walk_on_water_one_cm":30510,"minecraft:interact_with_furnace":26,"minecraft:traded_with_villager":284,"minecraft:interact_with_cartography_table":1,"minecraft:sleep_in_bed":24,"minecraft:damage_dealt":9436,"minecraft:crouch_one_cm":128079,"minecraft:mob_kills":51,"minecraft:climb_one_cm":552,"minecraft:walk_one_cm":701406,"minecraft:sneak_time":31296,"minecraft:walk_under_water_one_cm":24449,"minecraft:boat_one_cm":17748,"minecraft:interact_with_blast_furnace":5,"minecraft:total_world_time":413374,"minecraft:interact_with_grindstone":3,"minecraft:interact_with_stonecutter":1,"minecraft:time_since_rest":1163,"minecraft:damage_taken":3104,"minecraft:swim_one_cm":53769,"minecraft:fly_one_cm":1469690,"minecraft:open_chest":243,"minecraft:fall_one_cm":165353},"minecraft:dropped":{"minecraft:iron_sword":1,"minecraft:candle":1,"minecraft:glow_ink_sac":2,"minecraft:cookie":54,"minecraft:leather":2,"minecraft:dirt":1,"minecraft:sand":4,"minecraft:bone":3,"minecraft:stone_axe":1,"minecraft:rotten_flesh":39,"minecraft:deepslate_tiles":40,"minecraft:arrow":2,"minecraft:bread":102,"minecraft:cobweb":29,"minecraft:torch":2,"minecraft:iron_leggings":8,"minecraft:iron_shovel":1,"minecraft:stone_sword":1,"minecraft:shield":1,"minecraft:iron_chestplate":1,"artifacts:pickaxe_heater":1,"minecraft:stone_pickaxe":6,"minecraft:wooden_pickaxe":1},"minecraft:mined":{"minecraft:white_bed":5,"minecraft:sculk_vein":2,"minecraft:cobblestone_stairs":1,"minecraft:grass_block":302,"minecraft:yellow_carpet":4,"minecraft:oak_pressure_plate":1,"minecraft:composter":9,"minecraft:oxeye_daisy":7,"minecraft:smooth_stone":1,"minecraft:tall_seagrass":1,"minecraft:iron_ore":32,"minecraft:cobbled_deepslate":10,"minecraft:fletching_table":40,"minecraft:deepslate_lapis_ore":2,"minecraft:azure_bluet":11,"minecraft:sculk_shrieker":5,"minecraft:polished_deepslate_slab":47,"minecraft:water_cauldron":4,"minecraft:oak_stairs":356,"minecraft:deepslate_redstone_ore":1,"minecraft:clay":2,"minecraft:torch":1,"minecraft:blast_furnace":5,"minecraft:chest":2,"minecraft:cobblestone":226,"minecraft:glass":1,"minecraft:grindstone":11,"minecraft:oak_planks":273,"minecraft:wall_torch":2,"minecraft:cauldron":7,"minecraft:skeleton_skull":1,"minecraft:white_terracotta":43,"minecraft:birch_log":31,"minecraft:wheat":14,"minecraft:stripped_oak_wood":3,"minecraft:oak_log":199,"minecraft:dark_oak_sapling":2,"minecraft:sand":13,"minecraft:dirt":13,"minecraft:stonecutter":1,"minecraft:oak_leaves":26,"minecraft:deepslate":197,"minecraft:deepslate_tiles":12,"minecraft:tuff":9,"minecraft:mossy_cobblestone":26,"minecraft:dark_oak_leaves":141,"minecraft:deepslate_diamond_ore":4,"minecraft:oak_door":1,"minecraft:dark_oak_log":132,"minecraft:spruce_leaves":16,"minecraft:cartography_table":1,"minecraft:oak_trapdoor":18,"minecraft:furnace":1,"minecraft:carrots":8,"minecraft:polished_deepslate":79,"minecraft:potatoes":5,"minecraft:deepslate_iron_ore":6,"minecraft:stripped_oak_log":16,"minecraft:stone":72,"minecraft:oak_slab":19,"minecraft:glass_pane":20,"deeperdarker:ancient_vase":51,"minecraft:dandelion":40,"minecraft:oak_fence":21,"minecraft:crafting_table":4,"minecraft:short_grass":315,"minecraft:lectern":6,"minecraft:tall_grass":31,"minecraft:deepslate_gold_ore":2,"minecraft:sculk":4,"minecraft:gray_wool":40,"minecraft:cobblestone_wall":2,"minecraft:spruce_log":38,"minecraft:birch_leaves":1,"minecraft:yellow_bed":5,"minecraft:coal_ore":68,"minecraft:gravel":28,"minecraft:cobweb":2,"minecraft:terracotta":1},"minecraft:killed_by":{"deeperdarker:stalker":1},"minecraft:crafted":{"minecraft:grindstone":1,"minecraft:oak_planks":964,"minecraft:smooth_stone":3,"minecraft:stone":6,"minecraft:cooked_mutton":18,"minecraft:glass":13,"minecraft:bow":8,"minecraft:iron_boots":1,"minecraft:chest":7,"minecraft:oak_button":20,"minecraft:oak_fence":3,"minecraft:oak_slab":6,"minecraft:arrow":16,"minecraft:emerald":204,"minecraft:crafting_table":2,"minecraft:spruce_planks":152,"minecraft:wooden_pickaxe":1,"minecraft:iron_helmet":1,"minecraft:smithing_table":1,"minecraft:fletching_table":2,"minecraft:birch_planks":124,"minecraft:polished_deepslate_slab":132,"minecraft:iron_chestplate":1,"minecraft:shield":1,"minecraft:stick":3712,"minecraft:stone_slab":6,"minecraft:iron_ingot":21,"minecraft:iron_pickaxe":1,"minecraft:stone_sword":1,"minecraft:light_gray_dye":3,"minecraft:deepslate_bricks":376,"minecraft:cookie":54,"minecraft:furnace":2,"minecraft:blast_furnace":1,"minecraft:light_gray_wool":3,"minecraft:oak_trapdoor":4,"minecraft:polished_deepslate":524,"minecraft:iron_axe":14,"travelersbackpack:light_gray_sleeping_bag":1,"minecraft:stone_pickaxe":13,"minecraft:dark_oak_planks":528,"minecraft:cooked_beef":8,"minecraft:iron_sword":1,"minecraft:stone_axe":1,"minecraft:deepslate_tiles":376,"minecraft:bread":108,"minecraft:air":0,"minecraft:oak_boat":6,"justhammers:iron_hammer":4,"minecraft:wooden_axe":1,"minecraft:iron_shovel":2,"minecraft:iron_leggings":11,"minecraft:white_bed":1,"minecraft:pumpkin_pie":64,"minecraft:torch":92},"minecraft:used":{"minecraft:iron_shovel":298,"minecraft:polished_deepslate":169,"minecraft:diamond_hoe":129,"minecraft:chest":10,"minecraft:shield":9,"minecraft:iron_sword":106,"minecraft:iron_chestplate":2,"minecraft:axolotl_bucket":1,"minecraft:glass":12,"minecraft:villager_spawn_egg":2,"minecraft:furnace":2,"minecraft:dark_oak_sapling":20,"minecraft:stone_pickaxe":383,"minecraft:oak_planks":35,"minecraft:wooden_pickaxe":17,"minecraft:composter":9,"minecraft:blast_furnace":6,"minecraft:shears":29,"minecraft:deepslate_tiles":20,"minecraft:bread":30,"minecraft:lectern":4,"minecraft:gravel":15,"minecraft:grindstone":12,"minecraft:smithing_table":1,"minecraft:oak_boat":24,"minecraft:bone_meal":159,"minecraft:cobweb":2,"minecraft:oak_trapdoor":14,"minecraft:oak_fence":1,"minecraft:stone_sword":48,"minecraft:torch":97,"minecraft:dirt":214,"minecraft:yellow_carpet":4,"minecraft:wooden_axe":17,"minecraft:iron_axe":1044,"minecraft:iron_boots":1,"minecraft:podzol":4,"minecraft:cooked_beef":8,"minecraft:cobbled_deepslate":17,"minecraft:cooked_mutton":11,"minecraft:water_bucket":18,"minecraft:cauldron":7,"minecraft:fletching_table":70,"minecraft:stonecutter":1,"minecraft:polished_deepslate_slab":395,"minecraft:oak_slab":5,"minecraft:crafting_table":6,"minecraft:white_bed":7,"justhammers:iron_hammer":304,"minecraft:iron_pickaxe":250,"minecraft:spruce_sapling":18,"minecraft:stone_axe":138,"minecraft:cobblestone":20,"travelersbackpack:standard":1,"minecraft:bucket":20,"minecraft:yellow_bed":4,"minecraft:pumpkin_pie":22,"minecraft:gray_wool":39},"minecraft:picked_up":{"minecraft:wooden_axe":1,"minecraft:iron_chestplate":3,"minecraft:wheat":7,"artifacts:umbrella":1,"minecraft:oak_stairs":438,"minecraft:enchanted_book":3,"minecraft:potion":2,"minecraft:polished_deepslate":88,"minecraft:string":108,"minecraft:iron_leggings":1,"minecraft:diamond_leggings":1,"minecraft:deepslate_tiles":52,"minecraft:cobbled_deepslate":2176,"minecraft:smooth_stone":1,"minecraft:iron_pickaxe":2,"minecraft:iron_boots":1,"minecraft:furnace":1,"minecraft:stick":83,"minecraft:composter":9,"minecraft:oak_fence":21,"minecraft:torch":57,"minecraft:diorite":3,"minecraft:cauldron":11,"deeperdarker:soul_dust":6,"minecraft:stone_sword":2,"minecraft:rotten_flesh":178,"minecraft:white_terracotta":78,"minecraft:cobblestone":621,"minecraft:birch_log":31,"minecraft:cooked_beef":2,"minecraft:potato":17,"minecraft:flint":6,"minecraft:tuff":128,"artifacts:pickaxe_heater":2,"minecraft:lapis_lazuli":87,"minecraft:dirt":330,"artifacts:shock_pendant":1,"minecraft:bone":4,"minecraft:stonecutter":1,"minecraft:wheat_seeds":68,"minecraft:bell":1,"minecraft:grindstone":11,"minecraft:fletching_table":40,"minecraft:oak_planks":335,"justhammers:iron_hammer":2,"minecraft:oak_pressure_plate":1,"minecraft:sand":35,"deeperdarker:soul_crystal":2,"minecraft:dark_oak_log":132,"minecraft:mossy_cobblestone":36,"minecraft:yellow_carpet":4,"minecraft:diamond":16,"minecraft:granite":2,"minecraft:golden_apple":10,"minecraft:bread":88,"minecraft:emerald":17,"minecraft:oak_sapling":34,"minecraft:diamond_pickaxe":1,"minecraft:crafting_table":5,"minecraft:azure_bluet":11,"minecraft:clay_ball":16,"minecraft:wooden_pickaxe":2,"minecraft:shield":3,"minecraft:oak_trapdoor":24,"minecraft:iron_axe":3,"minecraft:compass":1,"minecraft:white_carpet":4,"minecraft:iron_shovel":2,"minecraft:cartography_table":1,"minecraft:candle":1,"minecraft:beef":14,"minecraft:oak_boat":22,"minecraft:poppy":3,"minecraft:lectern":8,"minecraft:chest":3,"minecraft:birch_sapling":9,"minecraft:diamond_hoe":1,"minecraft:dark_oak_sapling":16,"minecraft:raw_iron":92,"minecraft:polished_deepslate_slab":234,"minecraft:oak_door":8,"minecraft:carrot":12,"minecraft:redstone":119,"minecraft:arrow":3,"minecraft:pumpkin_pie":63,"minecraft:shears":2,"minecraft:gold_ingot":43,"minecraft:mutton":18,"minecraft:skeleton_skull":1,"minecraft:white_wool":23,"minecraft:oxeye_daisy":11,"minecraft:stripped_oak_log":16,"artifacts:digging_claws":3,"minecraft:glow_ink_sac":8,"minecraft:leather":8,"minecraft:oak_log":225,"minecraft:yellow_bed":5,"minecraft:cobblestone_wall":2,"minecraft:cobblestone_stairs":2,"minecraft:cooked_mutton":31,"minecraft:apple":8,"minecraft:stone_pickaxe":3,"minecraft:iron_ingot":96,"minecraft:cobweb":38,"minecraft:stripped_oak_wood":3,"minecraft:iron_sword":2,"minecraft:oak_slab":19,"minecraft:dandelion":53,"minecraft:gravel":25,"minecraft:spruce_sapling":8,"minecraft:blast_furnace":5,"minecraft:white_bed":6,"minecraft:spruce_log":38,"minecraft:spider_eye":1,"travelersbackpack:standard":1,"minecraft:stone_axe":2,"minecraft:iron_helmet":1,"minecraft:gray_wool":39,"minecraft:terracotta":2,"minecraft:coal":84}},"DataVersion":3955}