{"stats":{"minecraft:killed_by":{"deeperdarker:stalker":1},"minecraft:custom":{"minecraft:mob_kills":27,"minecraft:interact_with_crafting_table":24,"minecraft:open_barrel":9,"minecraft:leave_game":2,"minecraft:time_since_death":35994,"minecraft:climb_one_cm":552,"minecraft:sprint_one_cm":135393,"minecraft:walk_one_cm":133717,"minecraft:damage_blocked_by_shield":110,"minecraft:drop":30,"minecraft:talked_to_villager":6,"minecraft:play_time":93393,"minecraft:deaths":2,"minecraft:sneak_time":4616,"minecraft:walk_under_water_one_cm":2698,"minecraft:boat_one_cm":109,"minecraft:jump":1900,"minecraft:interact_with_blast_furnace":5,"minecraft:walk_on_water_one_cm":8879,"minecraft:total_world_time":93393,"minecraft:interact_with_furnace":14,"minecraft:traded_with_villager":7,"minecraft:interact_with_cartography_table":1,"minecraft:sleep_in_bed":5,"minecraft:time_since_rest":2176,"minecraft:damage_taken":1550,"minecraft:damage_dealt":3483,"minecraft:swim_one_cm":28024,"minecraft:fly_one_cm":452553,"minecraft:open_chest":28,"minecraft:crouch_one_cm":15653,"minecraft:fall_one_cm":59899},"minecraft:broken":{"minecraft:stone_pickaxe":1},"minecraft:crafted":{"minecraft:oak_planks":156,"minecraft:furnace":1,"minecraft:light_gray_wool":3,"minecraft:stone":3,"minecraft:cooked_mutton":18,"minecraft:oak_trapdoor":4,"minecraft:glass":13,"travelersbackpack:light_gray_sleeping_bag":1,"minecraft:stone_pickaxe":1,"minecraft:chest":7,"minecraft:oak_fence":3,"minecraft:cooked_beef":8,"minecraft:oak_slab":6,"minecraft:crafting_table":2,"minecraft:wooden_pickaxe":1,"minecraft:stone_axe":1,"minecraft:bread":42,"minecraft:air":0,"minecraft:oak_boat":1,"justhammers:iron_hammer":1,"minecraft:iron_chestplate":1,"minecraft:shield":1,"minecraft:stick":20,"minecraft:iron_ingot":9,"minecraft:iron_pickaxe":1,"minecraft:wooden_axe":1,"minecraft:stone_sword":1,"minecraft:iron_leggings":1,"minecraft:light_gray_dye":3,"minecraft:white_bed":1,"minecraft:torch":72},"minecraft:killed":{"minecraft:skeleton":2,"deeperdarker:sculk_leech":1,"artifacts:mimic":1,"minecraft:sheep":13,"minecraft:donkey":1,"minecraft:zombie":2,"friendsandfoes:moobloom":2,"minecraft:cow":4},"minecraft:used":{"minecraft:oak_trapdoor":4,"minecraft:oak_fence":1,"minecraft:stone_sword":48,"minecraft:chest":8,"minecraft:shield":3,"minecraft:iron_chestplate":1,"minecraft:torch":70,"minecraft:dirt":10,"minecraft:yellow_carpet":4,"minecraft:glass":12,"minecraft:wooden_axe":17,"minecraft:furnace":2,"minecraft:cooked_beef":8,"minecraft:cobbled_deepslate":9,"minecraft:cooked_mutton":11,"minecraft:stone_pickaxe":136,"minecraft:oak_planks":14,"minecraft:wooden_pickaxe":17,"minecraft:composter":3,"minecraft:oak_slab":5,"minecraft:crafting_table":6,"minecraft:blast_furnace":1,"minecraft:white_bed":5,"justhammers:iron_hammer":55,"minecraft:iron_pickaxe":7,"minecraft:stone_axe":57,"travelersbackpack:standard":1,"minecraft:cobblestone":3,"minecraft:yellow_bed":4,"minecraft:oak_boat":1,"minecraft:cobweb":2},"minecraft:picked_up":{"minecraft:wooden_axe":1,"minecraft:crafting_table":5,"minecraft:iron_chestplate":2,"minecraft:wheat":7,"minecraft:wooden_pickaxe":2,"minecraft:oak_stairs":1,"minecraft:potion":2,"minecraft:enchanted_book":2,"minecraft:shield":2,"minecraft:string":51,"minecraft:iron_leggings":1,"minecraft:iron_shovel":1,"minecraft:cartography_table":1,"minecraft:candle":1,"minecraft:cobbled_deepslate":822,"minecraft:beef":14,"minecraft:iron_pickaxe":1,"minecraft:lectern":4,"minecraft:chest":1,"minecraft:furnace":1,"minecraft:stick":17,"minecraft:raw_iron":90,"minecraft:composter":3,"minecraft:torch":14,"minecraft:carrot":12,"minecraft:redstone":64,"minecraft:cauldron":3,"minecraft:stone_sword":2,"minecraft:arrow":2,"minecraft:rotten_flesh":113,"minecraft:gold_ingot":8,"minecraft:mutton":18,"minecraft:skeleton_skull":1,"minecraft:white_wool":23,"minecraft:cobblestone":105,"minecraft:oxeye_daisy":3,"minecraft:cooked_beef":2,"minecraft:glow_ink_sac":8,"artifacts:digging_claws":2,"minecraft:leather":8,"minecraft:potato":17,"minecraft:tuff":104,"minecraft:oak_log":39,"minecraft:yellow_bed":4,"artifacts:pickaxe_heater":1,"minecraft:dirt":12,"minecraft:cooked_mutton":31,"minecraft:bone":3,"minecraft:stonecutter":1,"minecraft:wheat_seeds":25,"minecraft:stone_pickaxe":3,"minecraft:iron_ingot":47,"minecraft:cobweb":19,"minecraft:oak_planks":40,"minecraft:iron_sword":1,"minecraft:oak_slab":1,"justhammers:iron_hammer":1,"minecraft:sand":16,"minecraft:blast_furnace":1,"minecraft:white_bed":4,"minecraft:yellow_carpet":4,"minecraft:diamond":6,"minecraft:stone_axe":2,"minecraft:golden_apple":2,"minecraft:bread":21,"minecraft:emerald":8,"minecraft:oak_sapling":4,"minecraft:coal":64},"minecraft:dropped":{"minecraft:bread":42,"minecraft:iron_sword":1,"minecraft:candle":1,"minecraft:glow_ink_sac":2,"minecraft:leather":2,"minecraft:dirt":1,"minecraft:cobweb":13,"minecraft:torch":2,"minecraft:sand":3,"minecraft:iron_shovel":1,"minecraft:bone":3,"minecraft:stone_axe":1,"minecraft:stone_sword":1,"minecraft:rotten_flesh":39,"minecraft:shield":1,"minecraft:iron_chestplate":1,"artifacts:pickaxe_heater":1,"minecraft:arrow":2,"minecraft:stone_pickaxe":1,"minecraft:wooden_pickaxe":1},"minecraft:mined":{"minecraft:tuff":6,"minecraft:white_bed":3,"minecraft:sculk_vein":1,"minecraft:yellow_carpet":4,"minecraft:composter":3,"minecraft:cartography_table":1,"minecraft:oxeye_daisy":3,"minecraft:tall_seagrass":1,"minecraft:furnace":1,"minecraft:carrots":8,"minecraft:iron_ore":31,"minecraft:sculk_shrieker":1,"minecraft:potatoes":5,"minecraft:water_cauldron":3,"minecraft:deepslate_iron_ore":4,"minecraft:stone":47,"minecraft:deepslate_redstone_ore":1,"minecraft:oak_slab":1,"deeperdarker:ancient_vase":11,"minecraft:crafting_table":4,"minecraft:short_grass":7,"minecraft:blast_furnace":1,"minecraft:lectern":2,"minecraft:tall_grass":1,"minecraft:cobblestone":1,"minecraft:oak_planks":8,"minecraft:sculk":3,"minecraft:skeleton_skull":1,"minecraft:wheat":14,"minecraft:yellow_bed":4,"minecraft:coal_ore":60,"minecraft:oak_log":39,"minecraft:dirt":1,"minecraft:sand":13,"minecraft:cobweb":2,"minecraft:stonecutter":1,"minecraft:oak_leaves":1,"minecraft:deepslate":47}},"DataVersion":3955}