{"stats":{"minecraft:picked_up":{"minecraft:wooden_axe":1,"minecraft:iron_chestplate":3,"minecraft:wheat":7,"minecraft:smithing_table":8,"artifacts:umbrella":2,"minecraft:oak_stairs":439,"minecraft:potion":2,"minecraft:enchanted_book":3,"friendsandfoes:buttercup":17,"minecraft:brewing_stand":1,"minecraft:polished_deepslate":91,"minecraft:string":108,"minecraft:iron_leggings":1,"minecraft:deepslate_tiles":69,"minecraft:diamond_leggings":1,"minecraft:cobbled_deepslate":2979,"minecraft:smooth_stone":1,"minecraft:iron_pickaxe":2,"minecraft:furnace":1,"minecraft:iron_boots":1,"minecraft:stick":88,"minecraft:composter":9,"minecraft:oak_fence":21,"minecraft:torch":79,"minecraft:pointed_dripstone":6,"minecraft:diorite":3,"minecraft:cauldron":11,"minecraft:rotten_flesh":187,"minecraft:stone_sword":2,"deeperdarker:soul_dust":6,"minecraft:white_terracotta":78,"minecraft:obsidian":7,"minecraft:cobblestone":4770,"minecraft:birch_log":31,"minecraft:enchanting_table":1,"minecraft:cooked_beef":4,"minecraft:potato":17,"minecraft:flint":16,"minecraft:tuff":168,"artifacts:pickaxe_heater":3,"minecraft:lapis_lazuli":116,"minecraft:dirt":8054,"artifacts:shock_pendant":1,"minecraft:bone":5,"minecraft:chipped_anvil":1,"minecraft:stonecutter":2,"minecraft:wheat_seeds":180,"minecraft:raw_gold":4,"minecraft:bell":1,"minecraft:grindstone":11,"minecraft:fletching_table":40,"minecraft:oak_planks":335,"minecraft:oak_pressure_plate":1,"justhammers:iron_hammer":2,"minecraft:sand":182,"handcrafted:hammer":1,"deeperdarker:soul_crystal":2,"minecraft:grass_block":1425,"minecraft:dark_oak_log":222,"minecraft:mossy_cobblestone":39,"minecraft:yellow_carpet":4,"minecraft:diamond":49,"minecraft:granite":2,"minecraft:golden_apple":10,"minecraft:emerald":590,"minecraft:bread":88,"minecraft:oak_sapling":36,"minecraft:diamond_pickaxe":1,"minecraft:crafting_table":6,"minecraft:azure_bluet":48,"minecraft:clay_ball":16,"minecraft:wooden_pickaxe":2,"minecraft:shield":3,"minecraft:cornflower":4,"minecraft:oak_trapdoor":28,"minecraft:iron_axe":3,"minecraft:compass":1,"minecraft:white_carpet":4,"minecraft:iron_shovel":2,"minecraft:cartography_table":1,"minecraft:candle":1,"minecraft:beef":14,"minecraft:oak_boat":22,"minecraft:poppy":5,"minecraft:lectern":20,"minecraft:sugar_cane":6,"minecraft:chest":5,"minecraft:birch_sapling":9,"minecraft:diamond_hoe":1,"minecraft:dark_oak_sapling":25,"minecraft:raw_iron":92,"minecraft:polished_deepslate_slab":236,"minecraft:raw_gold_block":1,"minecraft:oak_door":8,"minecraft:copper_ingot":26,"minecraft:bowl":1,"minecraft:carrot":12,"minecraft:redstone":163,"minecraft:arrow":5,"minecraft:pumpkin_pie":63,"minecraft:shears":2,"minecraft:hay_block":63,"artifacts:running_shoes":1,"minecraft:gold_ingot":53,"minecraft:mutton":18,"minecraft:skeleton_skull":1,"minecraft:white_wool":31,"minecraft:oxeye_daisy":28,"minecraft:stripped_oak_log":16,"artifacts:digging_claws":3,"minecraft:glow_ink_sac":8,"minecraft:leather":10,"minecraft:oak_log":225,"minecraft:cobblestone_wall":2,"minecraft:yellow_bed":5,"minecraft:gunpowder":3,"minecraft:cobblestone_stairs":2,"minecraft:cooked_mutton":31,"minecraft:apple":9,"minecraft:stone_pickaxe":3,"minecraft:iron_ingot":339,"minecraft:cobweb":38,"minecraft:stripped_oak_wood":3,"minecraft:iron_sword":2,"minecraft:book":3,"minecraft:oak_slab":19,"minecraft:dandelion":193,"minecraft:dripstone_block":13,"minecraft:gravel":181,"minecraft:spruce_sapling":8,"minecraft:blast_furnace":6,"minecraft:white_bed":6,"minecraft:spruce_log":38,"minecraft:spider_eye":1,"travelersbackpack:standard":1,"minecraft:stone_axe":2,"minecraft:iron_helmet":4,"minecraft:gray_wool":39,"minecraft:terracotta":2,"minecraft:black_wool":4,"minecraft:coal":216,"minecraft:sunflower":2},"minecraft:broken":{"minecraft:iron_shovel":1,"minecraft:stone_pickaxe":2,"minecraft:stone_axe":1,"minecraft:stone_shovel":8,"minecraft:iron_axe":4,"minecraft:iron_pickaxe":1},"minecraft:custom":{"minecraft:interact_with_crafting_table":62,"minecraft:open_barrel":22,"minecraft:bell_ring":7,"minecraft:leave_game":12,"minecraft:time_since_death":104293,"minecraft:sprint_one_cm":1363247,"minecraft:damage_blocked_by_shield":1122,"minecraft:drop":89,"minecraft:talked_to_villager":437,"minecraft:play_time":730042,"minecraft:deaths":4,"minecraft:jump":11246,"minecraft:walk_on_water_one_cm":44775,"minecraft:enchant_item":9,"minecraft:interact_with_furnace":30,"minecraft:traded_with_villager":533,"minecraft:interact_with_cartography_table":1,"minecraft:sleep_in_bed":43,"minecraft:damage_dealt":15617,"minecraft:crouch_one_cm":145834,"minecraft:interact_with_smithing_table":7,"minecraft:interact_with_anvil":11,"minecraft:mob_kills":79,"minecraft:climb_one_cm":1118,"minecraft:walk_one_cm":1599709,"minecraft:sneak_time":36214,"minecraft:walk_under_water_one_cm":40466,"minecraft:boat_one_cm":18386,"minecraft:interact_with_blast_furnace":5,"minecraft:total_world_time":730488,"minecraft:interact_with_grindstone":16,"minecraft:interact_with_stonecutter":2,"minecraft:time_since_rest":35097,"minecraft:damage_taken":4627,"minecraft:swim_one_cm":73889,"minecraft:fly_one_cm":2820083,"minecraft:open_chest":505,"minecraft:fall_one_cm":270063},"minecraft:killed":{"minecraft:spider":3,"minecraft:skeleton":6,"deeperdarker:sculk_leech":10,"artifacts:mimic":3,"minecraft:iron_golem":1,"minecraft:creeper":2,"minecraft:sheep":13,"minecraft:zombie":22,"minecraft:donkey":1,"minecraft:cow":4,"minecraft:drowned":1,"adventurez:orc":1,"friendsandfoes:moobloom":2,"minecraft:villager":5},"minecraft:mined":{"minecraft:white_bed":5,"minecraft:oak_sapling":1,"easymagic:minecraft/enchanting_table":1,"minecraft:cobblestone_stairs":1,"minecraft:sculk_vein":5,"minecraft:brewing_stand":1,"minecraft:obsidian":1,"minecraft:grass_block":5078,"minecraft:yellow_carpet":4,"minecraft:oak_pressure_plate":1,"minecraft:composter":9,"minecraft:oxeye_daisy":21,"minecraft:smooth_stone":1,"minecraft:tall_seagrass":2,"minecraft:iron_ore":50,"minecraft:cobbled_deepslate":10,"minecraft:fletching_table":40,"minecraft:deepslate_lapis_ore":5,"minecraft:azure_bluet":33,"minecraft:sculk_shrieker":6,"minecraft:pointed_dripstone":1,"minecraft:polished_deepslate_slab":49,"minecraft:water_cauldron":4,"minecraft:dirt_path":82,"minecraft:oak_stairs":357,"minecraft:deepslate_redstone_ore":3,"minecraft:clay":2,"minecraft:torch":16,"minecraft:blast_furnace":6,"minecraft:chest":4,"minecraft:glass":1,"minecraft:cobblestone":238,"minecraft:grindstone":11,"minecraft:sugar_cane":3,"minecraft:oak_planks":273,"minecraft:wall_torch":3,"minecraft:cauldron":7,"minecraft:skeleton_skull":1,"minecraft:white_terracotta":43,"minecraft:birch_log":31,"minecraft:wheat":14,"minecraft:stripped_oak_wood":3,"minecraft:oak_log":199,"minecraft:dark_oak_sapling":4,"minecraft:sand":163,"minecraft:dirt":4244,"minecraft:stonecutter":2,"minecraft:oak_leaves":29,"minecraft:deepslate":320,"minecraft:deepslate_tiles":28,"minecraft:tuff":15,"minecraft:mossy_cobblestone":29,"minecraft:dark_oak_leaves":277,"minecraft:deepslate_diamond_ore":18,"minecraft:oak_door":1,"minecraft:dark_oak_log":222,"minecraft:spruce_leaves":16,"minecraft:cartography_table":1,"minecraft:hay_block":64,"minecraft:oak_trapdoor":22,"minecraft:furnace":1,"minecraft:carrots":8,"minecraft:raw_gold_block":1,"minecraft:polished_deepslate":82,"minecraft:bookshelf":1,"minecraft:potatoes":5,"minecraft:deepslate_iron_ore":48,"minecraft:stripped_oak_log":16,"minecraft:stone":1055,"minecraft:smithing_table":8,"minecraft:oak_slab":19,"minecraft:glass_pane":20,"deeperdarker:ancient_vase":51,"minecraft:dandelion":87,"minecraft:oak_fence":21,"minecraft:crafting_table":5,"minecraft:cornflower":1,"minecraft:short_grass":492,"minecraft:lectern":18,"easyanvils:minecraft/chipped_anvil":1,"minecraft:tall_grass":47,"minecraft:deepslate_gold_ore":7,"minecraft:sculk":6,"minecraft:gray_wool":40,"minecraft:cobblestone_wall":2,"minecraft:spruce_log":38,"minecraft:birch_leaves":1,"minecraft:yellow_bed":5,"minecraft:coal_ore":134,"minecraft:sunflower":1,"minecraft:gravel":153,"minecraft:dripstone_block":2,"minecraft:cobweb":2,"minecraft:terracotta":1},"minecraft:killed_by":{"deeperdarker:stalker":1},"minecraft:dropped":{"minecraft:iron_sword":1,"minecraft:candle":1,"minecraft:glow_ink_sac":2,"minecraft:cookie":90,"minecraft:leather":2,"minecraft:emerald":566,"minecraft:dirt":1,"minecraft:cornflower":1,"minecraft:sand":4,"minecraft:dark_oak_planks":48,"minecraft:bone":3,"minecraft:stone_axe":1,"minecraft:pointed_dripstone":6,"minecraft:rotten_flesh":41,"minecraft:azure_bluet":1,"minecraft:deepslate_tiles":40,"artifacts:umbrella":1,"minecraft:arrow":2,"minecraft:bread":102,"minecraft:iron_ingot":110,"minecraft:wheat_seeds":13,"minecraft:iron_helmet":3,"minecraft:cobweb":29,"minecraft:golden_carrot":28,"minecraft:torch":2,"minecraft:iron_leggings":8,"minecraft:iron_axe":1,"minecraft:iron_shovel":1,"minecraft:stone_sword":1,"minecraft:bowl":2,"minecraft:shield":1,"minecraft:iron_chestplate":1,"minecraft:oak_sapling":1,"artifacts:pickaxe_heater":1,"minecraft:stone_pickaxe":6,"handcrafted:hammer":1,"minecraft:wooden_pickaxe":1},"minecraft:crafted":{"minecraft:grindstone":1,"minecraft:smooth_stone":3,"minecraft:oak_planks":964,"minecraft:stone":6,"minecraft:diamond_shovel":4,"minecraft:bookshelf":25,"minecraft:cooked_mutton":18,"minecraft:suspicious_stew":7,"minecraft:glass":13,"minecraft:diamond_helmet":1,"minecraft:bow":8,"minecraft:diamond_leggings":3,"minecraft:iron_boots":1,"justhammers:diamond_hammer":1,"minecraft:chest":23,"minecraft:oak_button":20,"minecraft:stone_hoe":12,"minecraft:oak_fence":3,"minecraft:oak_slab":6,"travelersbackpack:iron_tier_upgrade":1,"minecraft:emerald":300,"minecraft:arrow":16,"minecraft:diamond_axe":1,"minecraft:crafting_table":3,"minecraft:spruce_planks":152,"minecraft:wooden_pickaxe":1,"minecraft:iron_helmet":1,"minecraft:raw_gold_block":1,"minecraft:smithing_table":1,"minecraft:fletching_table":2,"minecraft:birch_planks":124,"minecraft:polished_deepslate_slab":132,"minecraft:iron_chestplate":1,"minecraft:diamond_pickaxe":1,"minecraft:shield":9,"minecraft:stick":4096,"minecraft:stone_slab":6,"minecraft:iron_ingot":21,"minecraft:iron_pickaxe":1,"minecraft:stone_sword":1,"minecraft:black_bed":1,"minecraft:light_gray_dye":3,"minecraft:deepslate_bricks":376,"minecraft:golden_carrot":117,"minecraft:cookie":90,"minecraft:redstone":2,"minecraft:stone_shovel":19,"minecraft:furnace":10,"minecraft:blast_furnace":1,"minecraft:light_gray_wool":3,"travelersbackpack:gold_tier_upgrade":1,"minecraft:oak_trapdoor":4,"minecraft:lantern":1,"minecraft:polished_deepslate":524,"minecraft:iron_axe":14,"travelersbackpack:light_gray_sleeping_bag":1,"minecraft:stone_pickaxe":13,"minecraft:diamond_boots":4,"minecraft:dark_oak_planks":1144,"minecraft:chainmail_leggings":12,"minecraft:cooked_beef":8,"minecraft:iron_sword":1,"minecraft:bowl":4,"minecraft:bucket":1,"minecraft:deepslate_tiles":376,"minecraft:stone_axe":1,"minecraft:enchanted_book":3,"minecraft:bread":162,"minecraft:air":0,"minecraft:oak_boat":6,"justhammers:iron_hammer":4,"minecraft:raw_gold":9,"minecraft:wooden_axe":1,"minecraft:iron_shovel":5,"minecraft:iron_leggings":11,"minecraft:white_bed":5,"minecraft:pumpkin_pie":64,"minecraft:torch":144,"minecraft:diamond_chestplate":1},"minecraft:used":{"minecraft:iron_shovel":298,"minecraft:polished_deepslate":173,"minecraft:poppy":1,"minecraft:diamond_hoe":310,"minecraft:chest":28,"minecraft:shield":24,"minecraft:iron_sword":200,"minecraft:iron_chestplate":3,"minecraft:axolotl_bucket":1,"minecraft:obsidian":17,"minecraft:milk_bucket":1,"minecraft:glass":12,"minecraft:villager_spawn_egg":10,"minecraft:lantern":1,"minecraft:grass_block":413,"minecraft:raw_gold_block":1,"minecraft:oak_sapling":31,"minecraft:furnace":10,"minecraft:dark_oak_sapling":29,"minecraft:stone_pickaxe":501,"minecraft:oak_planks":35,"minecraft:wooden_pickaxe":17,"minecraft:composter":9,"minecraft:diamond_axe":83,"minecraft:blast_furnace":6,"minecraft:black_bed":1,"minecraft:shears":29,"minecraft:deepslate_tiles":20,"minecraft:bread":33,"minecraft:lectern":82,"minecraft:gravel":15,"minecraft:grindstone":12,"minecraft:smithing_table":11,"minecraft:oak_boat":25,"minecraft:bone_meal":159,"minecraft:cobweb":2,"minecraft:oak_fence":1,"minecraft:oak_trapdoor":20,"minecraft:enchanting_table":1,"minecraft:stone_sword":48,"minecraft:flint_and_steel":1,"minecraft:stone_shovel":1260,"minecraft:torch":190,"minecraft:brewing_stand":1,"minecraft:dirt":1680,"minecraft:warped_wart_block":3,"minecraft:yellow_carpet":4,"minecraft:wooden_axe":17,"minecraft:chipped_anvil":1,"minecraft:bookshelf":17,"minecraft:iron_axe":1089,"minecraft:oak_stairs":2,"minecraft:iron_boots":1,"minecraft:diamond_chestplate":2,"minecraft:golden_carrot":31,"minecraft:podzol":4,"minecraft:cooked_beef":10,"minecraft:cobbled_deepslate":17,"minecraft:cooked_mutton":11,"minecraft:water_bucket":28,"minecraft:cauldron":7,"minecraft:fletching_table":70,"minecraft:stonecutter":2,"minecraft:polished_deepslate_slab":406,"minecraft:oak_slab":5,"justhammers:diamond_hammer":664,"minecraft:crafting_table":8,"minecraft:white_bed":11,"justhammers:iron_hammer":304,"minecraft:diamond_pickaxe":564,"minecraft:oxeye_daisy":1,"minecraft:diamond_shovel":8135,"minecraft:iron_pickaxe":250,"minecraft:suspicious_stew":1,"minecraft:spruce_sapling":18,"minecraft:stone_axe":138,"travelersbackpack:standard":6,"minecraft:cobblestone":20,"minecraft:bucket":29,"minecraft:pumpkin_pie":29,"minecraft:yellow_bed":5,"minecraft:dandelion":1,"minecraft:gray_wool":39}},"DataVersion":3955}