{"stats":{"minecraft:mined":{"minecraft:white_bed":5,"minecraft:oak_sapling":1,"easymagic:minecraft/enchanting_table":1,"minecraft:cobblestone_stairs":1,"minecraft:sculk_vein":5,"minecraft:obsidian":1,"minecraft:grass_block":4876,"minecraft:yellow_carpet":4,"minecraft:oak_pressure_plate":1,"minecraft:composter":9,"minecraft:oxeye_daisy":8,"minecraft:smooth_stone":1,"minecraft:tall_seagrass":1,"minecraft:iron_ore":37,"minecraft:cobbled_deepslate":10,"minecraft:fletching_table":40,"minecraft:deepslate_lapis_ore":5,"minecraft:azure_bluet":11,"minecraft:sculk_shrieker":6,"minecraft:pointed_dripstone":1,"minecraft:polished_deepslate_slab":47,"minecraft:water_cauldron":4,"minecraft:dirt_path":49,"minecraft:oak_stairs":356,"minecraft:deepslate_redstone_ore":3,"minecraft:clay":2,"minecraft:torch":2,"minecraft:blast_furnace":5,"minecraft:chest":4,"minecraft:glass":1,"minecraft:cobblestone":226,"minecraft:grindstone":11,"minecraft:oak_planks":273,"minecraft:wall_torch":3,"minecraft:cauldron":7,"minecraft:skeleton_skull":1,"minecraft:white_terracotta":43,"minecraft:birch_log":31,"minecraft:wheat":14,"minecraft:stripped_oak_wood":3,"minecraft:oak_log":199,"minecraft:dark_oak_sapling":4,"minecraft:sand":13,"minecraft:dirt":4193,"minecraft:stonecutter":1,"minecraft:oak_leaves":26,"minecraft:deepslate":320,"minecraft:deepslate_tiles":12,"minecraft:tuff":15,"minecraft:mossy_cobblestone":26,"minecraft:dark_oak_leaves":277,"minecraft:deepslate_diamond_ore":18,"minecraft:oak_door":1,"minecraft:dark_oak_log":222,"minecraft:spruce_leaves":16,"minecraft:cartography_table":1,"minecraft:oak_trapdoor":22,"minecraft:furnace":1,"minecraft:carrots":8,"minecraft:raw_gold_block":1,"minecraft:polished_deepslate":82,"minecraft:bookshelf":1,"minecraft:potatoes":5,"minecraft:deepslate_iron_ore":48,"minecraft:stripped_oak_log":16,"minecraft:stone":1051,"minecraft:smithing_table":8,"minecraft:oak_slab":19,"minecraft:glass_pane":20,"deeperdarker:ancient_vase":51,"minecraft:dandelion":43,"minecraft:oak_fence":21,"minecraft:crafting_table":5,"minecraft:short_grass":400,"minecraft:lectern":18,"easyanvils:minecraft/chipped_anvil":1,"minecraft:tall_grass":39,"minecraft:deepslate_gold_ore":7,"minecraft:sculk":6,"minecraft:gray_wool":40,"minecraft:cobblestone_wall":2,"minecraft:spruce_log":38,"minecraft:birch_leaves":1,"minecraft:yellow_bed":5,"minecraft:coal_ore":98,"minecraft:sunflower":1,"minecraft:gravel":153,"minecraft:dripstone_block":2,"minecraft:cobweb":2,"minecraft:terracotta":1},"minecraft:used":{"minecraft:iron_shovel":298,"minecraft:polished_deepslate":173,"minecraft:poppy":1,"minecraft:diamond_hoe":243,"minecraft:chest":28,"minecraft:shield":24,"minecraft:iron_sword":170,"minecraft:iron_chestplate":3,"minecraft:axolotl_bucket":1,"minecraft:milk_bucket":1,"minecraft:glass":12,"minecraft:villager_spawn_egg":10,"minecraft:lantern":1,"minecraft:grass_block":12,"minecraft:raw_gold_block":1,"minecraft:oak_sapling":31,"minecraft:furnace":2,"minecraft:dark_oak_sapling":29,"minecraft:stone_pickaxe":501,"minecraft:oak_planks":35,"minecraft:wooden_pickaxe":17,"minecraft:composter":9,"minecraft:diamond_axe":79,"minecraft:blast_furnace":6,"minecraft:shears":29,"minecraft:deepslate_tiles":20,"minecraft:bread":33,"minecraft:lectern":81,"minecraft:gravel":15,"minecraft:grindstone":12,"minecraft:smithing_table":11,"minecraft:oak_boat":25,"minecraft:bone_meal":159,"minecraft:cobweb":2,"minecraft:oak_fence":1,"minecraft:oak_trapdoor":20,"minecraft:enchanting_table":1,"minecraft:stone_sword":48,"minecraft:stone_shovel":1260,"minecraft:torch":176,"minecraft:dirt":441,"minecraft:yellow_carpet":4,"minecraft:wooden_axe":17,"minecraft:chipped_anvil":1,"minecraft:bookshelf":17,"minecraft:iron_axe":1089,"minecraft:iron_boots":1,"minecraft:diamond_chestplate":2,"minecraft:golden_carrot":22,"minecraft:podzol":4,"minecraft:cooked_beef":8,"minecraft:cobbled_deepslate":17,"minecraft:cooked_mutton":11,"minecraft:water_bucket":28,"minecraft:cauldron":7,"minecraft:fletching_table":70,"minecraft:stonecutter":1,"minecraft:polished_deepslate_slab":402,"minecraft:oak_slab":5,"justhammers:diamond_hammer":664,"minecraft:crafting_table":8,"minecraft:white_bed":7,"justhammers:iron_hammer":304,"minecraft:diamond_pickaxe":475,"minecraft:oxeye_daisy":1,"minecraft:diamond_shovel":7744,"minecraft:iron_pickaxe":250,"minecraft:suspicious_stew":1,"minecraft:spruce_sapling":18,"minecraft:stone_axe":138,"travelersbackpack:standard":6,"minecraft:cobblestone":20,"minecraft:bucket":29,"minecraft:pumpkin_pie":29,"minecraft:yellow_bed":4,"minecraft:gray_wool":39},"minecraft:crafted":{"minecraft:grindstone":1,"minecraft:smooth_stone":3,"minecraft:oak_planks":964,"minecraft:stone":6,"minecraft:diamond_shovel":4,"minecraft:bookshelf":25,"minecraft:cooked_mutton":18,"minecraft:suspicious_stew":7,"minecraft:glass":13,"minecraft:diamond_helmet":1,"minecraft:bow":8,"minecraft:diamond_leggings":3,"minecraft:iron_boots":1,"justhammers:diamond_hammer":1,"minecraft:chest":23,"minecraft:oak_button":20,"minecraft:stone_hoe":12,"minecraft:oak_fence":3,"minecraft:oak_slab":6,"travelersbackpack:iron_tier_upgrade":1,"minecraft:emerald":300,"minecraft:arrow":16,"minecraft:diamond_axe":1,"minecraft:crafting_table":3,"minecraft:spruce_planks":152,"minecraft:wooden_pickaxe":1,"minecraft:iron_helmet":1,"minecraft:raw_gold_block":1,"minecraft:smithing_table":1,"minecraft:fletching_table":2,"minecraft:birch_planks":124,"minecraft:polished_deepslate_slab":132,"minecraft:iron_chestplate":1,"minecraft:diamond_pickaxe":1,"minecraft:shield":9,"minecraft:stick":4096,"minecraft:stone_slab":6,"minecraft:iron_ingot":21,"minecraft:iron_pickaxe":1,"minecraft:stone_sword":1,"minecraft:light_gray_dye":3,"minecraft:deepslate_bricks":376,"minecraft:golden_carrot":108,"minecraft:cookie":90,"minecraft:stone_shovel":19,"minecraft:furnace":2,"minecraft:blast_furnace":1,"minecraft:light_gray_wool":3,"travelersbackpack:gold_tier_upgrade":1,"minecraft:oak_trapdoor":4,"minecraft:lantern":1,"minecraft:polished_deepslate":524,"minecraft:iron_axe":14,"travelersbackpack:light_gray_sleeping_bag":1,"minecraft:stone_pickaxe":13,"minecraft:diamond_boots":4,"minecraft:dark_oak_planks":1144,"minecraft:chainmail_leggings":12,"minecraft:cooked_beef":8,"minecraft:iron_sword":1,"minecraft:bowl":4,"minecraft:deepslate_tiles":376,"minecraft:stone_axe":1,"minecraft:enchanted_book":3,"minecraft:bread":162,"minecraft:air":0,"minecraft:oak_boat":6,"justhammers:iron_hammer":4,"minecraft:raw_gold":9,"minecraft:wooden_axe":1,"minecraft:iron_shovel":5,"minecraft:iron_leggings":11,"minecraft:white_bed":1,"minecraft:pumpkin_pie":64,"minecraft:torch":144,"minecraft:diamond_chestplate":1},"minecraft:broken":{"minecraft:iron_shovel":1,"minecraft:stone_pickaxe":2,"minecraft:stone_axe":1,"minecraft:stone_shovel":8,"minecraft:iron_axe":4,"minecraft:iron_pickaxe":1},"minecraft:killed":{"minecraft:spider":3,"minecraft:skeleton":6,"deeperdarker:sculk_leech":10,"artifacts:mimic":3,"minecraft:iron_golem":1,"minecraft:sheep":13,"minecraft:donkey":1,"minecraft:zombie":16,"minecraft:cow":4,"minecraft:drowned":1,"friendsandfoes:moobloom":2,"minecraft:villager":5},"minecraft:picked_up":{"minecraft:wooden_axe":1,"minecraft:iron_chestplate":3,"minecraft:wheat":7,"minecraft:smithing_table":8,"artifacts:umbrella":1,"minecraft:oak_stairs":438,"minecraft:potion":2,"minecraft:enchanted_book":3,"friendsandfoes:buttercup":17,"minecraft:polished_deepslate":91,"minecraft:string":108,"minecraft:iron_leggings":1,"minecraft:deepslate_tiles":52,"minecraft:diamond_leggings":1,"minecraft:cobbled_deepslate":2979,"minecraft:smooth_stone":1,"minecraft:iron_pickaxe":2,"minecraft:furnace":1,"minecraft:iron_boots":1,"minecraft:stick":88,"minecraft:composter":9,"minecraft:oak_fence":21,"minecraft:torch":62,"minecraft:pointed_dripstone":6,"minecraft:diorite":3,"minecraft:cauldron":11,"minecraft:rotten_flesh":184,"deeperdarker:soul_dust":6,"minecraft:stone_sword":2,"minecraft:white_terracotta":78,"minecraft:obsidian":7,"minecraft:cobblestone":4754,"minecraft:birch_log":31,"minecraft:enchanting_table":1,"minecraft:cooked_beef":4,"minecraft:potato":17,"minecraft:flint":16,"minecraft:tuff":168,"artifacts:pickaxe_heater":3,"minecraft:lapis_lazuli":116,"minecraft:dirt":7964,"artifacts:shock_pendant":1,"minecraft:bone":5,"minecraft:chipped_anvil":1,"minecraft:stonecutter":1,"minecraft:wheat_seeds":165,"minecraft:raw_gold":4,"minecraft:bell":1,"minecraft:grindstone":11,"minecraft:fletching_table":40,"minecraft:oak_planks":335,"minecraft:oak_pressure_plate":1,"justhammers:iron_hammer":2,"minecraft:sand":35,"deeperdarker:soul_crystal":2,"minecraft:grass_block":1234,"minecraft:dark_oak_log":222,"minecraft:mossy_cobblestone":36,"minecraft:yellow_carpet":4,"minecraft:diamond":49,"minecraft:granite":2,"minecraft:golden_apple":10,"minecraft:emerald":590,"minecraft:bread":88,"minecraft:oak_sapling":35,"minecraft:diamond_pickaxe":1,"minecraft:crafting_table":6,"minecraft:azure_bluet":26,"minecraft:clay_ball":16,"minecraft:wooden_pickaxe":2,"minecraft:shield":3,"minecraft:cornflower":2,"minecraft:oak_trapdoor":28,"minecraft:iron_axe":3,"minecraft:compass":1,"minecraft:white_carpet":4,"minecraft:iron_shovel":2,"minecraft:cartography_table":1,"minecraft:candle":1,"minecraft:beef":14,"minecraft:oak_boat":22,"minecraft:poppy":5,"minecraft:lectern":20,"minecraft:chest":5,"minecraft:birch_sapling":9,"minecraft:diamond_hoe":1,"minecraft:dark_oak_sapling":25,"minecraft:raw_iron":92,"minecraft:polished_deepslate_slab":234,"minecraft:raw_gold_block":1,"minecraft:oak_door":8,"minecraft:copper_ingot":26,"minecraft:bowl":1,"minecraft:carrot":12,"minecraft:redstone":163,"minecraft:arrow":5,"minecraft:pumpkin_pie":63,"minecraft:shears":2,"artifacts:running_shoes":1,"minecraft:gold_ingot":53,"minecraft:mutton":18,"minecraft:skeleton_skull":1,"minecraft:white_wool":23,"minecraft:oxeye_daisy":15,"minecraft:stripped_oak_log":16,"artifacts:digging_claws":3,"minecraft:glow_ink_sac":8,"minecraft:leather":10,"minecraft:oak_log":225,"minecraft:gunpowder":1,"minecraft:yellow_bed":5,"minecraft:cobblestone_wall":2,"minecraft:cobblestone_stairs":2,"minecraft:cooked_mutton":31,"minecraft:apple":9,"minecraft:stone_pickaxe":3,"minecraft:iron_ingot":311,"minecraft:cobweb":38,"minecraft:stripped_oak_wood":3,"minecraft:iron_sword":2,"minecraft:book":3,"minecraft:oak_slab":19,"minecraft:dandelion":149,"minecraft:dripstone_block":13,"minecraft:gravel":181,"minecraft:spruce_sapling":8,"minecraft:blast_furnace":5,"minecraft:white_bed":6,"minecraft:spruce_log":38,"minecraft:spider_eye":1,"travelersbackpack:standard":1,"minecraft:stone_axe":2,"minecraft:iron_helmet":1,"minecraft:gray_wool":39,"minecraft:terracotta":2,"minecraft:coal":136,"minecraft:sunflower":2},"minecraft:killed_by":{"deeperdarker:stalker":1},"minecraft:custom":{"minecraft:interact_with_crafting_table":60,"minecraft:open_barrel":22,"minecraft:bell_ring":7,"minecraft:leave_game":9,"minecraft:time_since_death":354306,"minecraft:sprint_one_cm":1147684,"minecraft:damage_blocked_by_shield":1122,"minecraft:drop":78,"minecraft:talked_to_villager":422,"minecraft:play_time":620901,"minecraft:deaths":3,"minecraft:jump":9531,"minecraft:walk_on_water_one_cm":33873,"minecraft:enchant_item":9,"minecraft:interact_with_furnace":27,"minecraft:traded_with_villager":529,"minecraft:interact_with_cartography_table":1,"minecraft:sleep_in_bed":38,"minecraft:damage_dealt":13585,"minecraft:crouch_one_cm":142906,"minecraft:interact_with_smithing_table":7,"minecraft:mob_kills":70,"minecraft:interact_with_anvil":3,"minecraft:climb_one_cm":552,"minecraft:walk_one_cm":1329581,"minecraft:sneak_time":33992,"minecraft:walk_under_water_one_cm":24768,"minecraft:boat_one_cm":18386,"minecraft:interact_with_blast_furnace":5,"minecraft:total_world_time":621347,"minecraft:interact_with_grindstone":16,"minecraft:interact_with_stonecutter":2,"minecraft:time_since_rest":1172,"minecraft:damage_taken":4110,"minecraft:swim_one_cm":53769,"minecraft:fly_one_cm":2269185,"minecraft:open_chest":415,"minecraft:fall_one_cm":230215},"minecraft:dropped":{"minecraft:iron_sword":1,"minecraft:candle":1,"minecraft:glow_ink_sac":2,"minecraft:cookie":90,"minecraft:leather":2,"minecraft:emerald":566,"minecraft:dirt":1,"minecraft:sand":4,"minecraft:bone":3,"minecraft:stone_axe":1,"minecraft:pointed_dripstone":6,"minecraft:rotten_flesh":41,"minecraft:deepslate_tiles":40,"minecraft:arrow":2,"minecraft:bread":102,"minecraft:iron_ingot":110,"minecraft:wheat_seeds":13,"minecraft:cobweb":29,"minecraft:torch":2,"minecraft:iron_leggings":8,"minecraft:iron_axe":1,"minecraft:iron_shovel":1,"minecraft:stone_sword":1,"minecraft:bowl":2,"minecraft:shield":1,"minecraft:iron_chestplate":1,"artifacts:pickaxe_heater":1,"minecraft:stone_pickaxe":6,"minecraft:wooden_pickaxe":1}},"DataVersion":3955}