{"stats":{"minecraft:killed":{"minecraft:spider":1,"minecraft:skeleton":4,"deeperdarker:sculk_leech":10,"minecraft:drowned":1,"artifacts:mimic":1,"minecraft:sheep":13,"minecraft:zombie":5,"minecraft:donkey":1,"friendsandfoes:moobloom":2,"minecraft:cow":4},"minecraft:broken":{"minecraft:iron_shovel":1,"minecraft:stone_pickaxe":1,"minecraft:iron_axe":4,"minecraft:stone_axe":1,"minecraft:iron_pickaxe":1},"minecraft:custom":{"minecraft:mob_kills":46,"minecraft:interact_with_crafting_table":51,"minecraft:open_barrel":9,"minecraft:bell_ring":7,"minecraft:leave_game":6,"minecraft:time_since_death":122333,"minecraft:climb_one_cm":552,"minecraft:sprint_one_cm":526784,"minecraft:walk_one_cm":669584,"minecraft:damage_blocked_by_shield":550,"minecraft:drop":50,"minecraft:talked_to_villager":219,"minecraft:play_time":388928,"minecraft:sneak_time":31067,"minecraft:deaths":3,"minecraft:walk_under_water_one_cm":24449,"minecraft:boat_one_cm":17748,"minecraft:jump":6244,"minecraft:interact_with_blast_furnace":5,"minecraft:walk_on_water_one_cm":29754,"minecraft:total_world_time":389374,"minecraft:interact_with_furnace":26,"minecraft:traded_with_villager":176,"minecraft:interact_with_cartography_table":1,"minecraft:interact_with_stonecutter":1,"minecraft:interact_with_grindstone":3,"minecraft:sleep_in_bed":22,"minecraft:time_since_rest":20976,"minecraft:damage_taken":2964,"minecraft:damage_dealt":7727,"minecraft:swim_one_cm":53769,"minecraft:fly_one_cm":1425782,"minecraft:open_chest":230,"minecraft:crouch_one_cm":127108,"minecraft:fall_one_cm":160120},"minecraft:dropped":{"minecraft:bread":102,"minecraft:iron_sword":1,"minecraft:candle":1,"minecraft:glow_ink_sac":2,"minecraft:cookie":54,"minecraft:leather":2,"minecraft:cobweb":29,"minecraft:dirt":1,"minecraft:torch":2,"minecraft:sand":4,"minecraft:iron_shovel":1,"minecraft:bone":3,"minecraft:stone_axe":1,"minecraft:stone_sword":1,"minecraft:rotten_flesh":39,"minecraft:deepslate_tiles":40,"minecraft:shield":1,"minecraft:iron_chestplate":1,"artifacts:pickaxe_heater":1,"minecraft:arrow":2,"minecraft:stone_pickaxe":6,"minecraft:wooden_pickaxe":1},"minecraft:mined":{"minecraft:deepslate_tiles":12,"minecraft:tuff":9,"minecraft:white_bed":5,"minecraft:mossy_cobblestone":19,"minecraft:dark_oak_leaves":141,"minecraft:deepslate_diamond_ore":4,"minecraft:oak_door":1,"minecraft:cobblestone_stairs":1,"minecraft:sculk_vein":2,"minecraft:dark_oak_log":132,"minecraft:grass_block":302,"minecraft:yellow_carpet":4,"minecraft:oak_pressure_plate":1,"minecraft:spruce_leaves":16,"minecraft:composter":9,"minecraft:cartography_table":1,"minecraft:oxeye_daisy":7,"minecraft:smooth_stone":1,"minecraft:tall_seagrass":1,"minecraft:oak_trapdoor":18,"minecraft:carrots":8,"minecraft:furnace":1,"minecraft:iron_ore":32,"minecraft:cobbled_deepslate":10,"minecraft:deepslate_lapis_ore":2,"minecraft:fletching_table":40,"minecraft:azure_bluet":11,"minecraft:polished_deepslate":79,"minecraft:sculk_shrieker":5,"minecraft:potatoes":5,"minecraft:water_cauldron":4,"minecraft:deepslate_iron_ore":6,"minecraft:polished_deepslate_slab":47,"minecraft:oak_stairs":342,"minecraft:stripped_oak_log":16,"minecraft:stone":72,"minecraft:deepslate_redstone_ore":1,"minecraft:oak_slab":19,"minecraft:glass_pane":17,"deeperdarker:ancient_vase":51,"minecraft:dandelion":40,"minecraft:clay":2,"minecraft:oak_fence":18,"minecraft:crafting_table":4,"minecraft:torch":1,"minecraft:short_grass":296,"minecraft:blast_furnace":5,"minecraft:chest":2,"minecraft:lectern":6,"minecraft:tall_grass":31,"minecraft:glass":1,"minecraft:cobblestone":190,"minecraft:deepslate_gold_ore":2,"minecraft:grindstone":11,"minecraft:oak_planks":261,"minecraft:sculk":4,"minecraft:wall_torch":1,"minecraft:cauldron":7,"minecraft:skeleton_skull":1,"minecraft:white_terracotta":43,"minecraft:gray_wool":40,"minecraft:cobblestone_wall":2,"minecraft:birch_log":31,"minecraft:wheat":14,"minecraft:birch_leaves":1,"minecraft:spruce_log":38,"minecraft:stripped_oak_wood":2,"minecraft:yellow_bed":5,"minecraft:coal_ore":68,"minecraft:oak_log":199,"minecraft:dark_oak_sapling":2,"minecraft:gravel":28,"minecraft:dirt":13,"minecraft:sand":13,"minecraft:cobweb":2,"minecraft:terracotta":1,"minecraft:stonecutter":1,"minecraft:oak_leaves":26,"minecraft:deepslate":197},"minecraft:killed_by":{"deeperdarker:stalker":1},"minecraft:crafted":{"minecraft:cookie":54,"minecraft:grindstone":1,"minecraft:smooth_stone":3,"minecraft:oak_planks":964,"minecraft:furnace":2,"minecraft:blast_furnace":1,"minecraft:light_gray_wool":3,"minecraft:stone":6,"minecraft:cooked_mutton":18,"minecraft:oak_trapdoor":4,"minecraft:glass":13,"minecraft:bow":5,"minecraft:iron_boots":1,"minecraft:polished_deepslate":524,"minecraft:iron_axe":14,"travelersbackpack:light_gray_sleeping_bag":1,"minecraft:stone_pickaxe":13,"minecraft:chest":7,"minecraft:oak_button":20,"minecraft:dark_oak_planks":528,"minecraft:oak_fence":3,"minecraft:cooked_beef":8,"minecraft:oak_slab":6,"minecraft:emerald":109,"minecraft:crafting_table":2,"minecraft:spruce_planks":152,"minecraft:wooden_pickaxe":1,"minecraft:iron_helmet":1,"minecraft:iron_sword":1,"minecraft:smithing_table":1,"minecraft:birch_planks":124,"minecraft:fletching_table":2,"minecraft:deepslate_tiles":376,"minecraft:stone_axe":1,"minecraft:polished_deepslate_slab":132,"minecraft:bread":108,"minecraft:air":0,"minecraft:oak_boat":6,"justhammers:iron_hammer":4,"minecraft:iron_chestplate":1,"minecraft:shield":1,"minecraft:stick":3500,"minecraft:stone_slab":6,"minecraft:iron_ingot":21,"minecraft:iron_pickaxe":1,"minecraft:wooden_axe":1,"minecraft:stone_sword":1,"minecraft:iron_shovel":2,"minecraft:iron_leggings":2,"minecraft:light_gray_dye":3,"minecraft:white_bed":1,"minecraft:pumpkin_pie":64,"minecraft:torch":92,"minecraft:deepslate_bricks":376},"minecraft:used":{"minecraft:oak_fence":1,"minecraft:oak_trapdoor":13,"minecraft:stone_sword":48,"minecraft:iron_shovel":298,"minecraft:polished_deepslate":149,"minecraft:diamond_hoe":129,"minecraft:chest":10,"minecraft:shield":9,"minecraft:iron_sword":92,"minecraft:iron_chestplate":2,"minecraft:dirt":214,"minecraft:torch":97,"minecraft:yellow_carpet":4,"minecraft:axolotl_bucket":1,"minecraft:glass":12,"minecraft:wooden_axe":17,"minecraft:iron_axe":1002,"minecraft:iron_boots":1,"minecraft:furnace":2,"minecraft:podzol":4,"minecraft:cooked_beef":8,"minecraft:cobbled_deepslate":17,"minecraft:dark_oak_sapling":20,"minecraft:cooked_mutton":11,"minecraft:water_bucket":15,"minecraft:stone_pickaxe":336,"minecraft:oak_planks":32,"minecraft:cauldron":7,"minecraft:wooden_pickaxe":17,"minecraft:composter":9,"minecraft:fletching_table":41,"minecraft:stonecutter":1,"minecraft:polished_deepslate_slab":392,"minecraft:oak_slab":5,"minecraft:blast_furnace":6,"minecraft:crafting_table":6,"minecraft:white_bed":7,"justhammers:iron_hammer":304,"minecraft:shears":29,"minecraft:deepslate_tiles":20,"minecraft:bread":29,"minecraft:iron_pickaxe":250,"minecraft:lectern":4,"minecraft:stone_axe":138,"minecraft:gravel":15,"minecraft:spruce_sapling":18,"travelersbackpack:standard":1,"minecraft:cobblestone":20,"minecraft:grindstone":12,"minecraft:smithing_table":1,"minecraft:pumpkin_pie":20,"minecraft:bucket":17,"minecraft:yellow_bed":4,"minecraft:oak_boat":24,"minecraft:gray_wool":39,"minecraft:bone_meal":159,"minecraft:cobweb":2},"minecraft:picked_up":{"minecraft:wooden_axe":1,"minecraft:iron_chestplate":3,"minecraft:crafting_table":5,"minecraft:wheat":7,"minecraft:azure_bluet":11,"minecraft:clay_ball":16,"artifacts:umbrella":1,"minecraft:wooden_pickaxe":2,"minecraft:oak_stairs":425,"minecraft:potion":2,"minecraft:enchanted_book":3,"minecraft:shield":3,"minecraft:polished_deepslate":88,"minecraft:oak_trapdoor":24,"minecraft:string":108,"minecraft:iron_axe":3,"minecraft:white_carpet":4,"minecraft:compass":1,"minecraft:iron_leggings":1,"minecraft:iron_shovel":2,"minecraft:smooth_stone":1,"minecraft:deepslate_tiles":52,"minecraft:diamond_leggings":1,"minecraft:cartography_table":1,"minecraft:candle":1,"minecraft:cobbled_deepslate":2176,"minecraft:beef":14,"minecraft:oak_boat":22,"minecraft:poppy":3,"minecraft:iron_pickaxe":2,"minecraft:lectern":8,"minecraft:chest":3,"minecraft:birch_sapling":9,"minecraft:diamond_hoe":1,"minecraft:iron_boots":1,"minecraft:furnace":1,"minecraft:dark_oak_sapling":16,"minecraft:stick":83,"minecraft:raw_iron":92,"minecraft:polished_deepslate_slab":234,"minecraft:oak_door":7,"minecraft:composter":9,"minecraft:oak_fence":18,"minecraft:torch":51,"minecraft:diorite":3,"minecraft:carrot":12,"minecraft:redstone":119,"minecraft:cauldron":11,"minecraft:stone_sword":2,"minecraft:arrow":3,"deeperdarker:soul_dust":6,"minecraft:rotten_flesh":178,"minecraft:pumpkin_pie":63,"minecraft:shears":2,"minecraft:gold_ingot":43,"minecraft:white_terracotta":78,"minecraft:birch_log":31,"minecraft:mutton":18,"minecraft:skeleton_skull":1,"minecraft:white_wool":23,"minecraft:cobblestone":585,"minecraft:oxeye_daisy":11,"minecraft:stripped_oak_log":16,"minecraft:cooked_beef":2,"artifacts:digging_claws":3,"minecraft:glow_ink_sac":8,"minecraft:leather":8,"minecraft:potato":17,"minecraft:flint":6,"minecraft:cobblestone_wall":2,"minecraft:tuff":128,"minecraft:oak_log":225,"minecraft:yellow_bed":5,"minecraft:cobblestone_stairs":2,"artifacts:pickaxe_heater":2,"minecraft:lapis_lazuli":87,"minecraft:dirt":330,"artifacts:shock_pendant":1,"minecraft:cooked_mutton":31,"minecraft:bone":4,"minecraft:apple":8,"minecraft:bell":1,"minecraft:stonecutter":1,"minecraft:wheat_seeds":67,"minecraft:grindstone":11,"minecraft:iron_ingot":92,"minecraft:stone_pickaxe":3,"minecraft:cobweb":38,"minecraft:stripped_oak_wood":2,"minecraft:fletching_table":40,"minecraft:iron_sword":2,"minecraft:oak_planks":323,"minecraft:oak_slab":19,"minecraft:oak_pressure_plate":1,"minecraft:dandelion":53,"minecraft:gravel":25,"justhammers:iron_hammer":2,"minecraft:sand":35,"deeperdarker:soul_crystal":2,"minecraft:spruce_sapling":8,"minecraft:blast_furnace":5,"minecraft:white_bed":6,"minecraft:spruce_log":38,"minecraft:dark_oak_log":132,"minecraft:spider_eye":1,"minecraft:mossy_cobblestone":29,"travelersbackpack:standard":1,"minecraft:yellow_carpet":4,"minecraft:diamond":16,"minecraft:stone_axe":2,"minecraft:iron_helmet":1,"minecraft:granite":2,"minecraft:golden_apple":10,"minecraft:gray_wool":39,"minecraft:emerald":17,"minecraft:bread":88,"minecraft:terracotta":2,"minecraft:oak_sapling":34,"minecraft:coal":84,"minecraft:diamond_pickaxe":1}},"DataVersion":3955}