{"stats":{"minecraft:killed_by":{"deeperdarker:stalker":1},"minecraft:custom":{"minecraft:mob_kills":38,"minecraft:interact_with_crafting_table":44,"minecraft:open_barrel":9,"minecraft:leave_game":2,"minecraft:time_since_death":137994,"minecraft:climb_one_cm":552,"minecraft:sprint_one_cm":298149,"minecraft:walk_one_cm":282080,"minecraft:damage_blocked_by_shield":110,"minecraft:drop":44,"minecraft:talked_to_villager":26,"minecraft:play_time":195393,"minecraft:deaths":2,"minecraft:sneak_time":25059,"minecraft:walk_under_water_one_cm":4257,"minecraft:boat_one_cm":2890,"minecraft:jump":3719,"minecraft:interact_with_blast_furnace":5,"minecraft:walk_on_water_one_cm":15170,"minecraft:total_world_time":195393,"minecraft:interact_with_furnace":24,"minecraft:traded_with_villager":43,"minecraft:interact_with_cartography_table":1,"minecraft:sleep_in_bed":10,"minecraft:time_since_rest":720,"minecraft:damage_taken":1994,"minecraft:damage_dealt":6578,"minecraft:swim_one_cm":39505,"minecraft:fly_one_cm":893508,"minecraft:open_chest":132,"minecraft:crouch_one_cm":104097,"minecraft:fall_one_cm":104762},"minecraft:broken":{"minecraft:iron_shovel":1,"minecraft:stone_pickaxe":1,"minecraft:stone_axe":1},"minecraft:crafted":{"minecraft:smooth_stone":3,"minecraft:oak_planks":400,"minecraft:furnace":2,"minecraft:blast_furnace":1,"minecraft:light_gray_wool":3,"minecraft:stone":3,"minecraft:cooked_mutton":18,"minecraft:oak_trapdoor":4,"minecraft:glass":13,"minecraft:iron_boots":1,"minecraft:polished_deepslate":396,"minecraft:iron_axe":1,"travelersbackpack:light_gray_sleeping_bag":1,"minecraft:stone_pickaxe":5,"minecraft:chest":7,"minecraft:oak_fence":3,"minecraft:cooked_beef":8,"minecraft:oak_slab":6,"minecraft:emerald":21,"minecraft:spruce_planks":80,"minecraft:crafting_table":2,"minecraft:wooden_pickaxe":1,"minecraft:iron_helmet":1,"minecraft:iron_sword":1,"minecraft:smithing_table":1,"minecraft:fletching_table":1,"minecraft:deepslate_tiles":376,"minecraft:stone_axe":1,"minecraft:polished_deepslate_slab":6,"minecraft:bread":108,"minecraft:air":0,"minecraft:oak_boat":3,"justhammers:iron_hammer":3,"minecraft:iron_chestplate":1,"minecraft:shield":1,"minecraft:stick":740,"minecraft:iron_ingot":21,"minecraft:iron_pickaxe":1,"minecraft:wooden_axe":1,"minecraft:stone_sword":1,"minecraft:iron_shovel":2,"minecraft:iron_leggings":1,"minecraft:light_gray_dye":3,"minecraft:white_bed":1,"minecraft:torch":72,"minecraft:deepslate_bricks":376},"minecraft:killed":{"minecraft:skeleton":2,"deeperdarker:sculk_leech":10,"artifacts:mimic":1,"minecraft:sheep":13,"minecraft:donkey":1,"minecraft:zombie":2,"friendsandfoes:moobloom":2,"minecraft:cow":4},"minecraft:used":{"minecraft:oak_trapdoor":4,"minecraft:oak_fence":1,"minecraft:stone_sword":48,"minecraft:iron_shovel":286,"minecraft:polished_deepslate":16,"minecraft:chest":8,"minecraft:shield":3,"minecraft:iron_sword":69,"minecraft:iron_chestplate":1,"minecraft:torch":77,"minecraft:dirt":203,"minecraft:yellow_carpet":4,"minecraft:axolotl_bucket":1,"minecraft:glass":12,"minecraft:wooden_axe":17,"minecraft:iron_axe":50,"minecraft:furnace":2,"minecraft:cooked_beef":8,"minecraft:cobbled_deepslate":15,"minecraft:cooked_mutton":11,"minecraft:stone_pickaxe":174,"minecraft:oak_planks":26,"minecraft:wooden_pickaxe":17,"minecraft:composter":3,"minecraft:cauldron":7,"minecraft:fletching_table":2,"minecraft:polished_deepslate_slab":1,"minecraft:oak_slab":5,"minecraft:crafting_table":6,"minecraft:blast_furnace":1,"minecraft:white_bed":5,"minecraft:shears":29,"justhammers:iron_hammer":121,"minecraft:deepslate_tiles":8,"minecraft:bread":15,"minecraft:iron_pickaxe":24,"minecraft:spruce_sapling":5,"minecraft:stone_axe":138,"travelersbackpack:standard":1,"minecraft:cobblestone":3,"minecraft:smithing_table":1,"minecraft:bucket":1,"minecraft:yellow_bed":4,"minecraft:oak_boat":4,"minecraft:gray_wool":39,"minecraft:cobweb":2},"minecraft:picked_up":{"minecraft:wooden_axe":1,"minecraft:crafting_table":5,"minecraft:iron_chestplate":2,"minecraft:wheat":7,"minecraft:azure_bluet":11,"minecraft:clay_ball":16,"minecraft:wooden_pickaxe":2,"minecraft:oak_stairs":70,"minecraft:potion":2,"minecraft:enchanted_book":3,"minecraft:shield":2,"minecraft:oak_trapdoor":2,"minecraft:string":107,"minecraft:iron_leggings":1,"minecraft:iron_shovel":1,"minecraft:deepslate_tiles":40,"minecraft:cartography_table":1,"minecraft:candle":1,"minecraft:cobbled_deepslate":831,"minecraft:beef":14,"minecraft:oak_boat":2,"minecraft:iron_pickaxe":1,"minecraft:lectern":4,"minecraft:chest":1,"minecraft:furnace":1,"minecraft:stick":37,"minecraft:raw_iron":92,"minecraft:oak_door":2,"minecraft:composter":3,"minecraft:oak_fence":5,"minecraft:torch":27,"minecraft:carrot":12,"minecraft:redstone":119,"minecraft:cauldron":10,"deeperdarker:soul_dust":6,"minecraft:stone_sword":2,"minecraft:arrow":2,"minecraft:rotten_flesh":162,"minecraft:shears":1,"minecraft:gold_ingot":34,"minecraft:white_terracotta":47,"minecraft:mutton":18,"minecraft:skeleton_skull":1,"minecraft:white_wool":23,"minecraft:cobblestone":366,"minecraft:oxeye_daisy":10,"minecraft:stripped_oak_log":16,"minecraft:cooked_beef":2,"minecraft:glow_ink_sac":8,"artifacts:digging_claws":2,"minecraft:leather":8,"minecraft:potato":17,"minecraft:flint":2,"minecraft:tuff":104,"minecraft:oak_log":84,"minecraft:lapis_lazuli":34,"minecraft:yellow_bed":4,"minecraft:cobblestone_stairs":1,"artifacts:pickaxe_heater":1,"minecraft:dirt":309,"minecraft:cooked_mutton":31,"minecraft:bone":3,"minecraft:stonecutter":1,"minecraft:wheat_seeds":67,"minecraft:stone_pickaxe":3,"minecraft:iron_ingot":82,"minecraft:cobweb":38,"minecraft:fletching_table":1,"minecraft:oak_planks":77,"minecraft:iron_sword":1,"minecraft:oak_slab":1,"minecraft:dandelion":50,"minecraft:gravel":11,"justhammers:iron_hammer":1,"minecraft:sand":35,"deeperdarker:soul_crystal":2,"minecraft:spruce_sapling":5,"minecraft:blast_furnace":1,"minecraft:white_bed":4,"minecraft:spruce_log":20,"minecraft:mossy_cobblestone":6,"minecraft:yellow_carpet":4,"minecraft:diamond":14,"minecraft:stone_axe":2,"minecraft:gray_wool":39,"minecraft:golden_apple":10,"minecraft:bread":48,"minecraft:emerald":17,"minecraft:terracotta":2,"minecraft:oak_sapling":4,"minecraft:coal":79,"minecraft:diamond_pickaxe":1},"minecraft:dropped":{"minecraft:bread":102,"minecraft:iron_sword":1,"minecraft:candle":1,"minecraft:glow_ink_sac":2,"minecraft:leather":2,"minecraft:dirt":1,"minecraft:cobweb":29,"minecraft:torch":2,"minecraft:sand":4,"minecraft:iron_shovel":1,"minecraft:bone":3,"minecraft:stone_axe":1,"minecraft:stone_sword":1,"minecraft:rotten_flesh":39,"minecraft:deepslate_tiles":40,"minecraft:shield":1,"minecraft:iron_chestplate":1,"artifacts:pickaxe_heater":1,"minecraft:arrow":2,"minecraft:stone_pickaxe":1,"minecraft:wooden_pickaxe":1},"minecraft:mined":{"minecraft:tuff":6,"minecraft:white_bed":3,"minecraft:mossy_cobblestone":3,"minecraft:deepslate_diamond_ore":4,"minecraft:sculk_vein":2,"minecraft:grass_block":286,"minecraft:yellow_carpet":4,"minecraft:spruce_leaves":7,"minecraft:composter":3,"minecraft:cartography_table":1,"minecraft:oxeye_daisy":7,"minecraft:tall_seagrass":1,"minecraft:oak_trapdoor":1,"minecraft:furnace":1,"minecraft:carrots":8,"minecraft:iron_ore":32,"minecraft:cobbled_deepslate":2,"minecraft:fletching_table":1,"minecraft:azure_bluet":11,"minecraft:sculk_shrieker":4,"minecraft:potatoes":5,"minecraft:water_cauldron":3,"minecraft:deepslate_iron_ore":4,"minecraft:oak_stairs":56,"minecraft:stripped_oak_log":16,"minecraft:stone":71,"minecraft:deepslate_redstone_ore":1,"minecraft:oak_slab":1,"deeperdarker:ancient_vase":51,"minecraft:oak_fence":5,"minecraft:dandelion":40,"minecraft:clay":2,"minecraft:crafting_table":4,"minecraft:short_grass":295,"minecraft:blast_furnace":1,"minecraft:lectern":2,"minecraft:tall_grass":31,"minecraft:cobblestone":17,"minecraft:oak_planks":23,"minecraft:sculk":3,"minecraft:wall_torch":1,"minecraft:cauldron":7,"minecraft:skeleton_skull":1,"minecraft:white_terracotta":12,"minecraft:gray_wool":40,"minecraft:wheat":14,"minecraft:spruce_log":20,"minecraft:yellow_bed":4,"minecraft:coal_ore":66,"minecraft:oak_log":56,"minecraft:gravel":13,"minecraft:dirt":8,"minecraft:sand":13,"minecraft:cobweb":2,"minecraft:terracotta":1,"minecraft:stonecutter":1,"minecraft:oak_leaves":1,"minecraft:deepslate":47}},"DataVersion":3955}