{"stats":{"minecraft:custom":{"minecraft:interact_with_crafting_table":64,"minecraft:open_barrel":22,"minecraft:bell_ring":7,"minecraft:leave_game":16,"minecraft:time_since_death":452538,"minecraft:sprint_one_cm":1926253,"minecraft:damage_blocked_by_shield":1122,"minecraft:drop":112,"minecraft:talked_to_villager":535,"minecraft:play_time":1078287,"minecraft:deaths":4,"minecraft:jump":14359,"minecraft:walk_on_water_one_cm":53342,"minecraft:enchant_item":9,"minecraft:interact_with_furnace":30,"minecraft:traded_with_villager":571,"minecraft:interact_with_cartography_table":1,"minecraft:sleep_in_bed":54,"minecraft:damage_dealt":22839,"minecraft:crouch_one_cm":173283,"minecraft:interact_with_smithing_table":17,"minecraft:interact_with_anvil":28,"minecraft:mob_kills":119,"minecraft:climb_one_cm":1118,"minecraft:walk_one_cm":2549322,"minecraft:sneak_time":50452,"minecraft:walk_under_water_one_cm":40558,"minecraft:boat_one_cm":18645,"minecraft:interact_with_blast_furnace":6,"minecraft:total_world_time":1078733,"minecraft:interact_with_stonecutter":12,"minecraft:interact_with_grindstone":16,"minecraft:time_since_rest":9554,"minecraft:damage_taken":6391,"minecraft:minecart_one_cm":88,"minecraft:swim_one_cm":76012,"minecraft:fly_one_cm":4260456,"minecraft:open_chest":702,"minecraft:fall_one_cm":313920},"minecraft:broken":{"minecraft:iron_shovel":1,"minecraft:stone_pickaxe":2,"minecraft:stone_axe":1,"minecraft:stone_shovel":8,"minecraft:iron_axe":4,"minecraft:iron_pickaxe":1},"minecraft:killed_by":{"deeperdarker:stalker":1},"minecraft:killed":{"minecraft:spider":3,"minecraft:zombie_horse":1,"minecraft:skeleton":7,"deeperdarker:sculk_leech":10,"artifacts:mimic":3,"minecraft:zombie_villager":6,"minecraft:iron_golem":2,"minecraft:creeper":3,"minecraft:sheep":13,"minecraft:zombie":31,"minecraft:donkey":1,"minecraft:cow":4,"minecraft:drowned":1,"adventurez:orc":3,"friendsandfoes:moobloom":2,"minecraft:villager":16,"minecraft:enderman":1},"minecraft:dropped":{"minecraft:iron_sword":1,"minecraft:candle":1,"minecraft:glow_ink_sac":2,"minecraft:diamond":1,"minecraft:cookie":90,"minecraft:leather":2,"minecraft:rail":2,"minecraft:emerald":566,"minecraft:dirt":66,"minecraft:cornflower":1,"minecraft:sand":4,"minecraft:dark_oak_planks":48,"minecraft:bone":3,"minecraft:stone_axe":1,"minecraft:pointed_dripstone":6,"minecraft:rotten_flesh":41,"minecraft:diamond_shovel":1,"minecraft:azure_bluet":1,"minecraft:deepslate_tiles":168,"artifacts:umbrella":1,"minecraft:arrow":2,"minecraft:bread":177,"minecraft:iron_ingot":110,"minecraft:netherite_pickaxe":1,"minecraft:wheat_seeds":13,"minecraft:iron_helmet":5,"minecraft:deepslate_tile_slab":21,"minecraft:flow_armor_trim_smithing_template":1,"minecraft:cobweb":29,"minecraft:golden_carrot":28,"minecraft:torch":2,"minecraft:iron_leggings":8,"minecraft:iron_axe":1,"minecraft:iron_shovel":1,"minecraft:stone_sword":1,"minecraft:bowl":3,"minecraft:diamond_hoe":1,"minecraft:composter":2,"minecraft:suspicious_stew":1,"minecraft:shield":1,"minecraft:diamond_pickaxe":1,"minecraft:iron_chestplate":1,"minecraft:oak_sapling":1,"artifacts:pickaxe_heater":2,"minecraft:spruce_log":1,"minecraft:stone_pickaxe":6,"handcrafted:hammer":1,"minecraft:wooden_pickaxe":1},"minecraft:used":{"minecraft:cherry_sapling":18,"minecraft:chiseled_deepslate":17,"minecraft:polished_deepslate":173,"minecraft:iron_shovel":298,"minecraft:spruce_slab":22,"minecraft:poppy":1,"minecraft:diamond_hoe":314,"minecraft:shield":24,"minecraft:chest":44,"minecraft:stone":153,"minecraft:iron_sword":217,"minecraft:zombie_spawn_egg":10,"handcrafted:stackable_book":3,"minecraft:iron_chestplate":3,"minecraft:deepslate_tile_slab":39,"minecraft:axolotl_bucket":1,"minecraft:azure_bluet":1,"minecraft:obsidian":17,"minecraft:milk_bucket":1,"minecraft:glass":24,"minecraft:lava_bucket":4,"justhammers:gold_reinforced_hammer":3,"minecraft:villager_spawn_egg":43,"minecraft:grass_block":1003,"minecraft:lantern":3,"minecraft:raw_gold_block":1,"minecraft:stone_brick_stairs":47,"minecraft:stone_bricks":124,"minecraft:item_frame":16,"minecraft:hay_block":32,"minecraft:oak_sapling":33,"minecraft:furnace":10,"minecraft:acacia_fence":4,"minecraft:dark_oak_sapling":39,"minecraft:zombie_horse_spawn_egg":1,"minecraft:damaged_anvil":1,"minecraft:diamond_boots":1,"minecraft:cut_copper_slab":78,"minecraft:stone_pickaxe":501,"minecraft:dark_oak_sign":60,"minecraft:oak_planks":35,"minecraft:ender_pearl":1,"minecraft:wooden_pickaxe":17,"minecraft:redstone_block":17,"minecraft:composter":17,"minecraft:diamond_axe":130,"minecraft:blast_furnace":8,"minecraft:black_bed":2,"minecraft:shears":29,"minecraft:deepslate_tiles":197,"minecraft:redstone_torch":1,"minecraft:stone_button":1,"minecraft:dark_oak_log":6,"minecraft:bread":33,"deeperdarker:warden_sword":10,"minecraft:lectern":82,"minecraft:gravel":15,"minecraft:chiseled_copper":157,"minecraft:grindstone":14,"minecraft:smithing_table":13,"minecraft:white_stained_glass":434,"minecraft:oak_boat":26,"minecraft:bone_meal":159,"minecraft:cobweb":2,"minecraft:experience_bottle":8,"minecraft:oak_fence":1,"minecraft:oak_trapdoor":46,"minecraft:netherite_sword":27,"minecraft:enchanting_table":1,"minecraft:stone_sword":48,"handcrafted:fancy_painting":12,"minecraft:flint_and_steel":1,"minecraft:stone_shovel":1260,"minecraft:torch":339,"minecraft:brewing_stand":1,"minecraft:dirt":3667,"minecraft:warped_wart_block":3,"minecraft:hopper":3,"minecraft:spruce_stairs":51,"minecraft:diamond_helmet":1,"minecraft:yellow_carpet":4,"minecraft:wooden_axe":17,"minecraft:chipped_anvil":1,"minecraft:bookshelf":17,"minecraft:iron_axe":1089,"minecraft:oak_stairs":2,"minecraft:polished_blackstone_brick_stairs":3,"minecraft:iron_boots":1,"minecraft:diamond_chestplate":3,"minecraft:golden_carrot":60,"minecraft:deepslate_tile_stairs":73,"minecraft:podzol":4,"minecraft:minecart":10,"minecraft:cooked_beef":10,"minecraft:cobbled_deepslate":20,"minecraft:cooked_mutton":11,"minecraft:acacia_boat":2,"minecraft:water_bucket":35,"minecraft:iron_ore":1,"minecraft:copper_block":64,"minecraft:iron_golem_spawn_egg":1,"handcrafted:phantom_trophy":1,"minecraft:cauldron":7,"minecraft:fletching_table":70,"minecraft:stonecutter":3,"minecraft:spruce_fence_gate":8,"minecraft:polished_deepslate_slab":406,"minecraft:rail":40,"justhammers:diamond_hammer":1351,"minecraft:crafting_table":8,"minecraft:oak_slab":5,"minecraft:white_bed":22,"minecraft:spruce_log":53,"justhammers:iron_hammer":304,"minecraft:cornflower":1,"minecraft:activator_rail":1,"minecraft:diamond_pickaxe":708,"minecraft:oxeye_daisy":1,"minecraft:diamond_shovel":8735,"minecraft:iron_pickaxe":250,"minecraft:suspicious_stew":2,"minecraft:netherite_axe":32,"minecraft:spruce_sapling":46,"minecraft:copper_bulb":28,"minecraft:acacia_fence_gate":7,"minecraft:stone_axe":138,"minecraft:chiseled_stone_bricks":25,"travelersbackpack:standard":6,"minecraft:cobblestone":21,"minecraft:bucket":30,"minecraft:glass_pane":4,"minecraft:pumpkin_pie":29,"minecraft:yellow_bed":5,"minecraft:stripped_oak_log":5,"minecraft:dandelion":1,"minecraft:gray_wool":39,"minecraft:diamond_leggings":1,"minecraft:splash_potion":3},"minecraft:crafted":{"minecraft:grindstone":1,"minecraft:smooth_stone":3,"minecraft:oak_planks":964,"minecraft:stone":6,"minecraft:diamond_shovel":4,"minecraft:bookshelf":25,"minecraft:cooked_mutton":18,"minecraft:suspicious_stew":7,"minecraft:glass":13,"minecraft:diamond_helmet":1,"minecraft:bow":8,"minecraft:diamond_leggings":3,"minecraft:iron_boots":1,"justhammers:diamond_hammer":1,"minecraft:chest":31,"minecraft:oak_button":20,"minecraft:stone_hoe":12,"minecraft:stone_bricks":1216,"minecraft:oak_fence":3,"minecraft:item_frame":1,"minecraft:oak_slab":6,"travelersbackpack:iron_tier_upgrade":1,"minecraft:emerald":326,"minecraft:arrow":16,"minecraft:diamond_axe":1,"minecraft:crafting_table":3,"minecraft:spruce_planks":152,"minecraft:wooden_pickaxe":1,"minecraft:iron_helmet":1,"minecraft:raw_gold_block":1,"minecraft:smithing_table":1,"minecraft:fletching_table":2,"minecraft:birch_planks":124,"minecraft:polished_deepslate_slab":132,"minecraft:iron_chestplate":1,"minecraft:diamond_pickaxe":1,"minecraft:shield":9,"minecraft:stick":4096,"minecraft:stone_slab":6,"minecraft:iron_ingot":21,"minecraft:iron_pickaxe":1,"minecraft:stone_sword":1,"minecraft:black_bed":1,"minecraft:light_gray_dye":3,"minecraft:elytra":1,"minecraft:deepslate_bricks":568,"minecraft:deepslate_tile_slab":90,"minecraft:golden_carrot":117,"minecraft:cookie":90,"minecraft:redstone":2,"minecraft:stone_shovel":19,"minecraft:netherite_sword":1,"minecraft:experience_bottle":8,"minecraft:furnace":10,"minecraft:blast_furnace":1,"minecraft:light_gray_wool":3,"minecraft:cherry_sapling":2,"travelersbackpack:gold_tier_upgrade":1,"minecraft:oak_trapdoor":4,"minecraft:lantern":1,"minecraft:polished_deepslate":716,"minecraft:iron_axe":14,"travelersbackpack:light_gray_sleeping_bag":1,"minecraft:stone_pickaxe":13,"minecraft:diamond_boots":4,"minecraft:dark_oak_planks":1144,"minecraft:chainmail_leggings":12,"minecraft:cooked_beef":8,"minecraft:iron_sword":1,"minecraft:bowl":4,"minecraft:bucket":1,"minecraft:deepslate_tiles":568,"minecraft:stone_axe":1,"minecraft:enchanted_book":3,"minecraft:bread":174,"minecraft:air":0,"minecraft:oak_boat":6,"justhammers:iron_hammer":4,"minecraft:raw_gold":9,"minecraft:wooden_axe":1,"minecraft:iron_shovel":5,"minecraft:iron_leggings":11,"minecraft:white_bed":5,"minecraft:pumpkin_pie":64,"minecraft:torch":232,"minecraft:diamond_chestplate":1},"minecraft:picked_up":{"minecraft:wooden_axe":1,"minecraft:chiseled_deepslate":4,"minecraft:iron_chestplate":3,"minecraft:wheat":7,"minecraft:smithing_table":10,"artifacts:umbrella":2,"minecraft:lead":2,"minecraft:oak_stairs":439,"minecraft:potion":2,"minecraft:enchanted_book":10,"minecraft:stone_brick_stairs":4,"friendsandfoes:buttercup":22,"minecraft:brewing_stand":1,"minecraft:polished_deepslate":119,"minecraft:string":108,"minecraft:iron_leggings":1,"minecraft:deepslate_tiles":145,"minecraft:diamond_leggings":1,"minecraft:cobbled_deepslate":2982,"minecraft:smooth_stone":1,"minecraft:iron_pickaxe":2,"minecraft:furnace":1,"minecraft:iron_boots":1,"minecraft:stick":127,"minecraft:composter":12,"minecraft:oak_fence":21,"minecraft:torch":127,"minecraft:cherry_log":23,"minecraft:pointed_dripstone":6,"minecraft:diorite":3,"minecraft:deepslate_tile_stairs":16,"minecraft:cauldron":11,"minecraft:stone_sword":2,"minecraft:rotten_flesh":204,"deeperdarker:soul_dust":6,"artifacts:villager_hat":1,"minecraft:white_terracotta":78,"minecraft:obsidian":7,"adventurez:orc_skin":5,"minecraft:cobblestone":6464,"minecraft:birch_log":31,"minecraft:enchanting_table":1,"minecraft:cooked_beef":4,"minecraft:andesite":78,"minecraft:potato":17,"minecraft:flint":17,"minecraft:tuff":168,"artifacts:pickaxe_heater":4,"minecraft:lapis_lazuli":116,"minecraft:dirt":8731,"artifacts:shock_pendant":1,"minecraft:glass":2,"minecraft:bone":5,"minecraft:chipped_anvil":1,"minecraft:stonecutter":3,"minecraft:wheat_seeds":189,"minecraft:raw_gold":4,"minecraft:bell":1,"minecraft:grindstone":13,"minecraft:dark_oak_sign":6,"minecraft:fletching_table":40,"minecraft:oak_planks":345,"minecraft:oak_pressure_plate":1,"justhammers:iron_hammer":2,"minecraft:sand":182,"handcrafted:hammer":1,"deeperdarker:soul_crystal":2,"minecraft:grass_block":1517,"minecraft:dark_oak_log":307,"minecraft:mossy_cobblestone":39,"minecraft:yellow_carpet":4,"minecraft:diamond":50,"minecraft:granite":2,"minecraft:golden_apple":10,"minecraft:emerald":590,"minecraft:bread":88,"minecraft:oak_sapling":41,"minecraft:diamond_pickaxe":2,"minecraft:crafting_table":6,"travelersbackpack:villager":1,"minecraft:azure_bluet":60,"minecraft:clay_ball":16,"minecraft:wooden_pickaxe":2,"minecraft:shield":3,"minecraft:cornflower":4,"minecraft:oak_trapdoor":28,"minecraft:iron_axe":3,"minecraft:compass":1,"minecraft:item_frame":3,"minecraft:white_carpet":4,"minecraft:iron_shovel":2,"minecraft:cartography_table":1,"minecraft:candle":1,"minecraft:beef":14,"minecraft:oak_boat":25,"minecraft:poppy":7,"minecraft:lectern":20,"minecraft:sugar_cane":6,"minecraft:chest":5,"minecraft:birch_sapling":9,"minecraft:diamond_hoe":2,"minecraft:dark_oak_sapling":35,"minecraft:raw_iron":92,"minecraft:polished_deepslate_slab":239,"minecraft:stone":3980,"minecraft:raw_gold_block":1,"minecraft:oak_door":8,"minecraft:copper_ingot":26,"minecraft:bowl":2,"minecraft:stone_button":1,"minecraft:carrot":12,"minecraft:redstone":163,"minecraft:netherite_pickaxe":1,"minecraft:arrow":6,"minecraft:pumpkin_pie":63,"minecraft:shears":2,"minecraft:hay_block":68,"artifacts:running_shoes":1,"minecraft:flow_armor_trim_smithing_template":1,"minecraft:gold_ingot":53,"minecraft:mutton":20,"minecraft:rail":31,"minecraft:skeleton_skull":1,"minecraft:white_wool":31,"minecraft:emerald_ore":1,"minecraft:oxeye_daisy":50,"minecraft:stripped_oak_log":16,"minecraft:golden_carrot":67,"artifacts:digging_claws":3,"minecraft:glow_ink_sac":8,"minecraft:leather":10,"minecraft:oak_log":248,"minecraft:yellow_bed":5,"minecraft:cobblestone_wall":2,"minecraft:gunpowder":6,"minecraft:cobblestone_stairs":2,"minecraft:deepslate_tile_slab":7,"minecraft:cooked_mutton":31,"minecraft:apple":12,"minecraft:stone_bricks":26,"minecraft:iron_ingot":386,"minecraft:stone_pickaxe":3,"minecraft:cobweb":38,"minecraft:iron_ore":6,"minecraft:stripped_oak_wood":3,"minecraft:iron_sword":3,"minecraft:book":3,"minecraft:oak_slab":19,"minecraft:emerald_block":6,"minecraft:chiseled_stone_bricks":5,"minecraft:dandelion":270,"minecraft:dripstone_block":13,"minecraft:gravel":255,"minecraft:spruce_sapling":63,"minecraft:blast_furnace":8,"minecraft:white_bed":7,"minecraft:spruce_log":215,"minecraft:spider_eye":1,"travelersbackpack:standard":1,"minecraft:diamond_shovel":1,"minecraft:coal_ore":10,"minecraft:stone_axe":2,"minecraft:iron_helmet":6,"minecraft:cherry_sapling":16,"minecraft:gray_wool":39,"minecraft:terracotta":2,"minecraft:black_wool":5,"minecraft:coal":236,"minecraft:sunflower":3,"minecraft:ender_pearl":1},"minecraft:mined":{"minecraft:white_bed":11,"minecraft:oak_sapling":4,"easymagic:minecraft/enchanting_table":1,"minecraft:cobblestone_stairs":1,"minecraft:sculk_vein":5,"minecraft:brewing_stand":1,"minecraft:obsidian":1,"minecraft:grass_block":5189,"minecraft:yellow_carpet":4,"minecraft:oak_pressure_plate":1,"minecraft:deepslate_tile_stairs":15,"minecraft:composter":11,"minecraft:oxeye_daisy":43,"minecraft:chiseled_stone_bricks":5,"minecraft:smooth_stone":1,"minecraft:tall_seagrass":2,"minecraft:iron_ore":60,"minecraft:cobbled_deepslate":13,"minecraft:fire":3,"minecraft:deepslate_lapis_ore":5,"minecraft:fletching_table":40,"minecraft:azure_bluet":46,"minecraft:sculk_shrieker":6,"minecraft:pointed_dripstone":1,"minecraft:water_cauldron":4,"minecraft:polished_deepslate_slab":49,"minecraft:dirt_path":82,"minecraft:oak_stairs":357,"minecraft:deepslate_redstone_ore":3,"minecraft:deepslate_tile_slab":6,"minecraft:clay":2,"minecraft:torch":19,"minecraft:blast_furnace":8,"minecraft:chest":4,"minecraft:glass":4,"minecraft:cobblestone":239,"friendsandfoes:buttercup":6,"minecraft:oak_planks":284,"minecraft:grindstone":13,"minecraft:sugar_cane":3,"minecraft:wall_torch":23,"minecraft:cauldron":7,"minecraft:skeleton_skull":1,"minecraft:white_terracotta":43,"minecraft:birch_log":31,"minecraft:wheat":14,"minecraft:stripped_oak_wood":3,"minecraft:stone_brick_stairs":4,"minecraft:oak_log":205,"minecraft:dark_oak_sapling":10,"minecraft:sand":163,"minecraft:dirt":4794,"minecraft:stonecutter":3,"minecraft:oak_leaves":29,"minecraft:deepslate":320,"minecraft:deepslate_tiles":39,"minecraft:tuff":15,"minecraft:mossy_cobblestone":29,"minecraft:dark_oak_leaves":277,"minecraft:deepslate_diamond_ore":18,"minecraft:oak_door":1,"minecraft:dark_oak_log":233,"minecraft:spruce_leaves":16,"minecraft:cartography_table":1,"minecraft:hay_block":69,"minecraft:oak_trapdoor":22,"minecraft:spruce_sapling":3,"minecraft:furnace":1,"minecraft:carrots":8,"minecraft:raw_gold_block":1,"minecraft:andesite":10,"minecraft:chiseled_deepslate":4,"minecraft:polished_deepslate":91,"minecraft:bookshelf":1,"minecraft:potatoes":5,"minecraft:deepslate_iron_ore":48,"minecraft:rail":14,"minecraft:stripped_oak_log":16,"minecraft:stone":1743,"minecraft:smithing_table":10,"minecraft:oak_slab":19,"minecraft:glass_pane":20,"deeperdarker:ancient_vase":51,"minecraft:dandelion":161,"minecraft:oak_fence":21,"minecraft:crafting_table":5,"minecraft:cornflower":2,"minecraft:short_grass":533,"minecraft:lectern":18,"easyanvils:minecraft/chipped_anvil":1,"minecraft:tall_grass":54,"minecraft:deepslate_gold_ore":7,"minecraft:sculk":6,"minecraft:gray_wool":40,"minecraft:cobblestone_wall":2,"minecraft:spruce_log":43,"minecraft:birch_leaves":1,"minecraft:yellow_bed":5,"minecraft:coal_ore":134,"minecraft:sunflower":2,"minecraft:gravel":165,"minecraft:dripstone_block":2,"minecraft:cobweb":2,"minecraft:terracotta":1,"minecraft:stone_bricks":28}},"DataVersion":3955}