{"stats":{"minecraft:killed_by":{"deeperdarker:stalker":1},"minecraft:custom":{"minecraft:mob_kills":27,"minecraft:interact_with_crafting_table":42,"minecraft:open_barrel":9,"minecraft:leave_game":2,"minecraft:time_since_death":83994,"minecraft:climb_one_cm":552,"minecraft:sprint_one_cm":246954,"minecraft:walk_one_cm":244208,"minecraft:damage_blocked_by_shield":110,"minecraft:drop":39,"minecraft:talked_to_villager":16,"minecraft:play_time":141393,"minecraft:deaths":2,"minecraft:sneak_time":5499,"minecraft:walk_under_water_one_cm":3127,"minecraft:boat_one_cm":463,"minecraft:jump":2831,"minecraft:interact_with_blast_furnace":5,"minecraft:walk_on_water_one_cm":9802,"minecraft:total_world_time":141393,"minecraft:interact_with_furnace":24,"minecraft:traded_with_villager":31,"minecraft:interact_with_cartography_table":1,"minecraft:sleep_in_bed":8,"minecraft:time_since_rest":10407,"minecraft:damage_taken":1714,"minecraft:damage_dealt":3483,"minecraft:swim_one_cm":31228,"minecraft:fly_one_cm":684290,"minecraft:open_chest":103,"minecraft:crouch_one_cm":18525,"minecraft:fall_one_cm":79324},"minecraft:broken":{"minecraft:iron_shovel":1,"minecraft:stone_pickaxe":1,"minecraft:stone_axe":1},"minecraft:crafted":{"minecraft:smooth_stone":3,"minecraft:oak_planks":400,"minecraft:furnace":2,"minecraft:blast_furnace":1,"minecraft:light_gray_wool":3,"minecraft:stone":3,"minecraft:cooked_mutton":18,"minecraft:oak_trapdoor":4,"minecraft:glass":13,"minecraft:iron_boots":1,"minecraft:polished_deepslate":56,"minecraft:iron_axe":1,"travelersbackpack:light_gray_sleeping_bag":1,"minecraft:stone_pickaxe":1,"minecraft:chest":7,"minecraft:oak_fence":3,"minecraft:cooked_beef":8,"minecraft:oak_slab":6,"minecraft:emerald":13,"minecraft:crafting_table":2,"minecraft:wooden_pickaxe":1,"minecraft:iron_helmet":1,"minecraft:iron_sword":1,"minecraft:smithing_table":1,"minecraft:fletching_table":1,"minecraft:deepslate_tiles":40,"minecraft:stone_axe":1,"minecraft:bread":108,"minecraft:air":0,"minecraft:oak_boat":2,"justhammers:iron_hammer":3,"minecraft:iron_chestplate":1,"minecraft:shield":1,"minecraft:stick":472,"minecraft:iron_ingot":21,"minecraft:iron_pickaxe":1,"minecraft:wooden_axe":1,"minecraft:stone_sword":1,"minecraft:iron_shovel":2,"minecraft:iron_leggings":1,"minecraft:light_gray_dye":3,"minecraft:white_bed":1,"minecraft:torch":72,"minecraft:deepslate_bricks":40},"minecraft:killed":{"minecraft:skeleton":2,"deeperdarker:sculk_leech":1,"artifacts:mimic":1,"minecraft:sheep":13,"minecraft:donkey":1,"minecraft:zombie":2,"friendsandfoes:moobloom":2,"minecraft:cow":4},"minecraft:used":{"minecraft:oak_trapdoor":4,"minecraft:oak_fence":1,"minecraft:stone_sword":48,"minecraft:iron_shovel":286,"minecraft:polished_deepslate":16,"minecraft:chest":8,"minecraft:shield":3,"minecraft:iron_chestplate":1,"minecraft:torch":77,"minecraft:dirt":201,"minecraft:yellow_carpet":4,"minecraft:glass":12,"minecraft:wooden_axe":17,"minecraft:iron_axe":17,"minecraft:furnace":2,"minecraft:cooked_beef":8,"minecraft:cobbled_deepslate":15,"minecraft:cooked_mutton":11,"minecraft:stone_pickaxe":145,"minecraft:oak_planks":14,"minecraft:wooden_pickaxe":17,"minecraft:composter":3,"minecraft:cauldron":7,"minecraft:fletching_table":2,"minecraft:oak_slab":5,"minecraft:crafting_table":6,"minecraft:blast_furnace":1,"minecraft:white_bed":5,"justhammers:iron_hammer":121,"minecraft:bread":6,"minecraft:iron_pickaxe":7,"minecraft:stone_axe":138,"travelersbackpack:standard":1,"minecraft:cobblestone":3,"minecraft:bucket":1,"minecraft:yellow_bed":4,"minecraft:oak_boat":3,"minecraft:cobweb":2},"minecraft:picked_up":{"minecraft:wooden_axe":1,"minecraft:crafting_table":5,"minecraft:iron_chestplate":2,"minecraft:wheat":7,"minecraft:azure_bluet":11,"minecraft:clay_ball":16,"minecraft:wooden_pickaxe":2,"minecraft:oak_stairs":70,"minecraft:potion":2,"minecraft:enchanted_book":2,"minecraft:shield":2,"minecraft:oak_trapdoor":2,"minecraft:string":51,"minecraft:iron_leggings":1,"minecraft:iron_shovel":1,"minecraft:deepslate_tiles":40,"minecraft:cartography_table":1,"minecraft:candle":1,"minecraft:cobbled_deepslate":831,"minecraft:beef":14,"minecraft:oak_boat":1,"minecraft:iron_pickaxe":1,"minecraft:lectern":4,"minecraft:chest":1,"minecraft:furnace":1,"minecraft:stick":17,"minecraft:raw_iron":92,"minecraft:oak_door":2,"minecraft:composter":3,"minecraft:oak_fence":5,"minecraft:torch":27,"minecraft:carrot":12,"minecraft:redstone":64,"minecraft:cauldron":10,"minecraft:stone_sword":2,"minecraft:arrow":2,"minecraft:rotten_flesh":113,"minecraft:gold_ingot":8,"minecraft:white_terracotta":47,"minecraft:mutton":18,"minecraft:skeleton_skull":1,"minecraft:white_wool":23,"minecraft:cobblestone":366,"minecraft:oxeye_daisy":10,"minecraft:stripped_oak_log":16,"minecraft:cooked_beef":2,"minecraft:glow_ink_sac":8,"artifacts:digging_claws":2,"minecraft:leather":8,"minecraft:potato":17,"minecraft:flint":2,"minecraft:tuff":104,"minecraft:oak_log":84,"minecraft:yellow_bed":4,"minecraft:cobblestone_stairs":1,"artifacts:pickaxe_heater":1,"minecraft:dirt":305,"minecraft:cooked_mutton":31,"minecraft:bone":3,"minecraft:stonecutter":1,"minecraft:wheat_seeds":67,"minecraft:stone_pickaxe":3,"minecraft:iron_ingot":47,"minecraft:cobweb":19,"minecraft:fletching_table":1,"minecraft:oak_planks":65,"minecraft:iron_sword":1,"minecraft:oak_slab":1,"minecraft:dandelion":50,"minecraft:gravel":11,"justhammers:iron_hammer":1,"minecraft:sand":16,"minecraft:blast_furnace":1,"minecraft:white_bed":4,"minecraft:mossy_cobblestone":6,"minecraft:yellow_carpet":4,"minecraft:diamond":6,"minecraft:stone_axe":2,"minecraft:golden_apple":2,"minecraft:bread":48,"minecraft:emerald":8,"minecraft:terracotta":2,"minecraft:oak_sapling":4,"minecraft:coal":79,"minecraft:diamond_pickaxe":1},"minecraft:dropped":{"minecraft:bread":102,"minecraft:iron_sword":1,"minecraft:candle":1,"minecraft:glow_ink_sac":2,"minecraft:leather":2,"minecraft:dirt":1,"minecraft:cobweb":13,"minecraft:torch":2,"minecraft:sand":3,"minecraft:iron_shovel":1,"minecraft:bone":3,"minecraft:stone_axe":1,"minecraft:stone_sword":1,"minecraft:rotten_flesh":39,"minecraft:deepslate_tiles":40,"minecraft:shield":1,"minecraft:iron_chestplate":1,"artifacts:pickaxe_heater":1,"minecraft:arrow":2,"minecraft:stone_pickaxe":1,"minecraft:wooden_pickaxe":1},"minecraft:mined":{"minecraft:tuff":6,"minecraft:white_bed":3,"minecraft:mossy_cobblestone":3,"minecraft:sculk_vein":1,"minecraft:grass_block":284,"minecraft:yellow_carpet":4,"minecraft:composter":3,"minecraft:cartography_table":1,"minecraft:oxeye_daisy":7,"minecraft:tall_seagrass":1,"minecraft:oak_trapdoor":1,"minecraft:furnace":1,"minecraft:carrots":8,"minecraft:iron_ore":31,"minecraft:cobbled_deepslate":2,"minecraft:fletching_table":1,"minecraft:azure_bluet":11,"minecraft:sculk_shrieker":1,"minecraft:potatoes":5,"minecraft:water_cauldron":3,"minecraft:deepslate_iron_ore":4,"minecraft:oak_stairs":56,"minecraft:stripped_oak_log":16,"minecraft:stone":71,"minecraft:deepslate_redstone_ore":1,"minecraft:oak_slab":1,"deeperdarker:ancient_vase":11,"minecraft:oak_fence":5,"minecraft:dandelion":40,"minecraft:clay":2,"minecraft:crafting_table":4,"minecraft:short_grass":295,"minecraft:blast_furnace":1,"minecraft:lectern":2,"minecraft:tall_grass":31,"minecraft:cobblestone":17,"minecraft:oak_planks":11,"minecraft:sculk":3,"minecraft:wall_torch":1,"minecraft:cauldron":7,"minecraft:skeleton_skull":1,"minecraft:white_terracotta":12,"minecraft:wheat":14,"minecraft:yellow_bed":4,"minecraft:coal_ore":66,"minecraft:oak_log":56,"minecraft:gravel":13,"minecraft:dirt":6,"minecraft:sand":13,"minecraft:cobweb":2,"minecraft:terracotta":1,"minecraft:stonecutter":1,"minecraft:oak_leaves":1,"minecraft:deepslate":47}},"DataVersion":3955}