{"stats":{"minecraft:killed_by":{"minecraft:vex":3},"minecraft:custom":{"minecraft:interact_with_smithing_table":5,"minecraft:mob_kills":179,"minecraft:interact_with_crafting_table":35,"minecraft:open_barrel":39,"minecraft:bell_ring":2,"minecraft:leave_game":3,"minecraft:time_since_death":163113,"minecraft:climb_one_cm":5917,"minecraft:sprint_one_cm":435854,"minecraft:walk_one_cm":464062,"minecraft:damage_blocked_by_shield":1464,"minecraft:drop":64,"minecraft:talked_to_villager":4,"minecraft:play_time":181197,"minecraft:deaths":3,"minecraft:sneak_time":6621,"minecraft:walk_under_water_one_cm":38583,"minecraft:boat_one_cm":21999,"minecraft:interact_with_brewingstand":1,"minecraft:jump":2299,"minecraft:walk_on_water_one_cm":51690,"minecraft:total_world_time":181197,"minecraft:interact_with_furnace":78,"minecraft:interact_with_cartography_table":1,"minecraft:interact_with_stonecutter":1,"minecraft:sleep_in_bed":1,"minecraft:time_since_rest":72702,"minecraft:damage_taken":5500,"minecraft:damage_absorbed":80,"minecraft:trigger_trapped_chest":3,"minecraft:damage_dealt":24060,"minecraft:swim_one_cm":75247,"minecraft:fly_one_cm":432983,"minecraft:open_chest":47,"minecraft:crouch_one_cm":15492,"minecraft:fall_one_cm":59908,"minecraft:inspect_dispenser":16},"minecraft:broken":{"minecraft:iron_axe":1,"minecraft:iron_sword":1},"minecraft:crafted":{"minecraft:oak_planks":72,"minecraft:wind_charge":8,"minecraft:furnace":1,"travelersbackpack:blank_upgrade":4,"travelersbackpack:gold_tier_upgrade":1,"minecraft:cooked_mutton":3,"minecraft:glass":24,"minecraft:diamond_leggings":1,"minecraft:iron_boots":1,"minecraft:iron_axe":1,"travelersbackpack:gray_sleeping_bag":1,"minecraft:stone_pickaxe":1,"minecraft:chest":2,"minecraft:dark_oak_planks":28,"minecraft:stone_hoe":1,"travelersbackpack:diamond_tier_upgrade":1,"minecraft:cooked_beef":8,"travelersbackpack:iron_tier_upgrade":1,"minecraft:crafting_table":1,"travelersbackpack:backpack_tank":4,"minecraft:wooden_pickaxe":1,"travelersbackpack:standard":3,"minecraft:iron_sword":1,"minecraft:smithing_table":1,"minecraft:cooked_salmon":8,"minecraft:bucket":1,"minecraft:stone_axe":1,"minecraft:air":0,"minecraft:oak_boat":1,"minecraft:diamond_pickaxe":1,"minecraft:shield":2,"minecraft:stick":20,"minecraft:iron_ingot":35,"minecraft:stone_sword":1,"minecraft:iron_leggings":1,"minecraft:gold_ingot":2,"minecraft:white_bed":1,"minecraft:diamond_chestplate":1},"minecraft:killed":{"illagerinvasion:archivist":5,"minecraft:evoker":1,"minecraft:vex":2,"minecraft:cave_spider":2,"minecraft:bogged":2,"minecraft:witch":1,"minecraft:spider":14,"minecraft:vindicator":8,"illagerinvasion:marauder":2,"minecraft:zoglin":5,"minecraft:slime":48,"illagerinvasion:basher":3,"minecraft:skeleton":13,"friendsandfoes:glare":4,"illagerinvasion:provoker":6,"artifacts:mimic":2,"illagerinvasion:necromancer":1,"minecraft:salmon":8,"minecraft:creeper":1,"minecraft:sheep":2,"minecraft:zombie":12,"minecraft:blaze":3,"minecraft:cow":13},"minecraft:used":{"minecraft:stone_sword":91,"minecraft:black_carpet":2,"minecraft:shield":39,"minecraft:iron_sword":254,"minecraft:cooked_salmon":8,"minecraft:stone_hoe":55,"minecraft:trial_key":4,"minecraft:dirt":1,"travelersbackpack:gray_sleeping_bag":1,"minecraft:chainmail_chestplate":1,"minecraft:yellow_carpet":1,"minecraft:tuff":2,"minecraft:dark_oak_planks":26,"minecraft:iron_axe":82,"minecraft:totem_of_undying":1,"minecraft:stone_brick_stairs":1,"minecraft:stone_bricks":14,"minecraft:golden_carrot":3,"minecraft:rabbit_stew":3,"minecraft:bow":5,"minecraft:furnace":7,"minecraft:cooked_beef":28,"minecraft:cobbled_deepslate":56,"minecraft:cooked_mutton":3,"minecraft:water_bucket":24,"minecraft:diorite":2,"adventurez:cooked_venison":4,"minecraft:stone_pickaxe":75,"minecraft:gray_carpet":2,"minecraft:oak_planks":18,"minecraft:wooden_pickaxe":21,"minecraft:chainmail_helmet":1,"minecraft:diamond_axe":60,"minecraft:crafting_table":15,"minecraft:white_bed":5,"minecraft:diamond_pickaxe":130,"minecraft:dark_oak_log":1,"minecraft:wind_charge":2,"minecraft:bread":14,"minecraft:iron_pickaxe":119,"minecraft:chiseled_stone_bricks":4,"minecraft:green_carpet":2,"minecraft:stone_axe":73,"minecraft:cobblestone":20,"minecraft:smithing_table":2,"minecraft:bucket":25,"minecraft:oak_boat":1},"minecraft:picked_up":{"minecraft:crafting_table":18,"minecraft:black_carpet":2,"minecraft:splash_potion":3,"minecraft:redstone_block":3,"minecraft:golden_pickaxe":1,"minecraft:smithing_table":3,"minecraft:wither_rose":1,"minecraft:potion":1,"minecraft:stone_brick_stairs":1,"minecraft:brick":33,"minecraft:wind_charge":24,"minecraft:music_disc_cat":1,"minecraft:moss_carpet":1,"minecraft:string":28,"minecraft:iron_axe":1,"minecraft:cooked_salmon":9,"minecraft:sticky_piston":12,"minecraft:cobbled_deepslate":147,"minecraft:beef":26,"minecraft:trial_key":7,"minecraft:rose_bush":1,"minecraft:oak_boat":1,"minecraft:azalea":1,"minecraft:iron_nugget":22,"minecraft:iron_pickaxe":1,"minecraft:waxed_oxidized_copper":2,"minecraft:furnace":11,"minecraft:tipped_arrow":3,"minecraft:stick":9,"minecraft:raw_iron":42,"minecraft:copper_ingot":18,"minecraft:flow_pottery_sherd":2,"minecraft:diorite":2,"minecraft:redstone":20,"minecraft:dark_oak_planks":24,"minecraft:diamond_chestplate":1,"minecraft:stone_sword":3,"minecraft:arrow":36,"minecraft:honey_bottle":10,"minecraft:rotten_flesh":32,"minecraft:decorated_pot":3,"minecraft:hay_block":55,"artifacts:pocket_piston":1,"travelersbackpack:gray_sleeping_bag":1,"minecraft:totem_of_undying":1,"minecraft:tuff_bricks":12,"artifacts:panic_necklace":1,"minecraft:glow_berries":2,"minecraft:mutton":3,"minecraft:cobblestone":67,"minecraft:rail":1,"minecraft:skeleton_skull":1,"minecraft:white_wool":10,"minecraft:golden_carrot":5,"minecraft:cooked_beef":27,"artifacts:digging_claws":1,"minecraft:salmon":8,"minecraft:leather":36,"minecraft:flint":8,"minecraft:tuff":5,"minecraft:chainmail_chestplate":1,"minecraft:oak_log":18,"minecraft:gunpowder":5,"minecraft:lapis_lazuli":6,"minecraft:map":1,"minecraft:dirt":1,"minecraft:paper":6,"minecraft:white_banner":3,"minecraft:cooked_mutton":8,"minecraft:bone":23,"minecraft:chipped_anvil":2,"minecraft:stone_bricks":14,"minecraft:gray_carpet":2,"minecraft:bow":1,"minecraft:wheat_seeds":1,"minecraft:raw_gold":3,"minecraft:iron_ingot":20,"minecraft:stone_pickaxe":4,"minecraft:glowstone_dust":5,"minecraft:moss_block":5,"minecraft:oak_planks":80,"minecraft:flowering_azalea":1,"minecraft:book":21,"minecraft:dark_oak_slab":7,"minecraft:chiseled_stone_bricks":6,"minecraft:sand":24,"minecraft:amethyst_shard":6,"minecraft:bamboo_mosaic":2,"minecraft:blast_furnace":1,"minecraft:white_bed":4,"minecraft:polished_tuff":1,"minecraft:green_carpet":2,"minecraft:trapped_chest":1,"minecraft:dark_oak_log":8,"minecraft:spider_eye":14,"minecraft:brewer_pottery_sherd":2,"minecraft:bundle":2,"travelersbackpack:standard":1,"minecraft:slime_ball":79,"minecraft:miner_pottery_sherd":7,"minecraft:yellow_carpet":1,"adventurez:cooked_venison":4,"minecraft:diamond":21,"minecraft:stone_axe":3,"artifacts:crystal_heart":1,"minecraft:diamond_axe":1,"minecraft:granite":1,"minecraft:gray_wool":2,"minecraft:spruce_button":1,"minecraft:emerald":25,"minecraft:oak_sapling":1,"minecraft:coal":40},"minecraft:dropped":{"minecraft:iron_ingot":6,"minecraft:moss_block":5,"minecraft:wheat_seeds":1,"minecraft:cooked_beef":1,"minecraft:golden_pickaxe":1,"minecraft:decorated_pot":1,"minecraft:glow_berries":2,"minecraft:polished_tuff":1,"minecraft:granite":1,"minecraft:rail":1,"minecraft:copper_ingot":10,"travelersbackpack:standard":1,"minecraft:flint":8,"minecraft:stick":8,"minecraft:emerald":9,"minecraft:waxed_oxidized_copper":1,"minecraft:wither_rose":1,"minecraft:flowering_azalea":1,"minecraft:white_banner":2,"minecraft:glistering_melon_slice":6,"minecraft:trapped_chest":1,"minecraft:music_disc_cat":2,"minecraft:bone":12,"minecraft:moss_carpet":1,"minecraft:tuff_bricks":12,"minecraft:stone_axe":1,"minecraft:cobbled_deepslate":62,"minecraft:bowl":3,"minecraft:tuff":3,"minecraft:sticky_piston":12,"minecraft:rotten_flesh":26,"minecraft:bamboo_mosaic":2,"minecraft:glowstone_dust":3,"minecraft:chainmail_chestplate":1,"minecraft:azalea":1,"minecraft:melon_seeds":12,"minecraft:oak_sapling":1,"minecraft:miner_pottery_sherd":2,"minecraft:spider_eye":9,"minecraft:arrow":10,"minecraft:stone_pickaxe":2,"minecraft:wooden_pickaxe":1,"minecraft:raw_gold":1,"minecraft:brick":6},"minecraft:mined":{"minecraft:dark_oak_planks":22,"minecraft:tuff":6,"minecraft:white_bed":4,"minecraft:deepslate_diamond_ore":18,"minecraft:dark_oak_log":8,"minecraft:granite":1,"minecraft:grass_block":1,"minecraft:decorated_pot":13,"minecraft:yellow_carpet":1,"minecraft:polished_diorite":1,"minecraft:spruce_leaves":4,"minecraft:moss_block":6,"minecraft:tuff_bricks":12,"minecraft:chiseled_stone_bricks":7,"minecraft:spawner":1,"minecraft:hay_block":55,"minecraft:tall_seagrass":2,"minecraft:glowstone":1,"minecraft:furnace":7,"minecraft:fire":10,"minecraft:iron_ore":33,"minecraft:sticky_piston":2,"minecraft:cobbled_deepslate":3,"minecraft:polished_tuff":2,"minecraft:black_carpet":4,"minecraft:bookshelf":5,"minecraft:cave_vines":1,"minecraft:green_carpet":2,"minecraft:azalea":1,"minecraft:stone":43,"minecraft:white_wool":2,"travelersbackpack:gray_sleeping_bag":1,"minecraft:piston_head":4,"minecraft:smithing_table":3,"minecraft:flowering_azalea":1,"minecraft:redstone_block":3,"minecraft:glass_pane":2,"minecraft:crafting_table":15,"minecraft:short_grass":4,"minecraft:blast_furnace":1,"minecraft:rose_bush":1,"easyanvils:minecraft/chipped_anvil":2,"minecraft:tall_grass":1,"minecraft:cobblestone":1,"minecraft:bamboo_mosaic":2,"minecraft:oak_planks":11,"minecraft:diorite":2,"minecraft:wall_torch":1,"minecraft:skeleton_skull":1,"minecraft:polished_diorite_stairs":1,"minecraft:seagrass":1,"minecraft:gray_wool":2,"minecraft:dark_oak_slab":7,"minecraft:tnt":1,"minecraft:stone_brick_stairs":1,"minecraft:oak_log":18,"minecraft:coal_ore":19,"minecraft:waxed_oxidized_copper":1,"minecraft:sand":24,"minecraft:gray_carpet":5,"minecraft:cobweb":13,"minecraft:stone_bricks":14,"minecraft:oak_leaves":4,"minecraft:deepslate":143}},"DataVersion":3955}