{"stats":{"minecraft:killed_by":{"minecraft:vex":3},"minecraft:custom":{"minecraft:interact_with_smithing_table":5,"minecraft:mob_kills":106,"minecraft:interact_with_crafting_table":34,"minecraft:open_barrel":35,"minecraft:bell_ring":2,"minecraft:leave_game":2,"minecraft:time_since_death":141451,"minecraft:climb_one_cm":4500,"minecraft:sprint_one_cm":386499,"minecraft:walk_one_cm":384163,"minecraft:damage_blocked_by_shield":1414,"minecraft:drop":44,"minecraft:talked_to_villager":4,"minecraft:play_time":159535,"minecraft:deaths":3,"minecraft:sneak_time":4563,"minecraft:walk_under_water_one_cm":14246,"minecraft:boat_one_cm":21999,"minecraft:interact_with_brewingstand":1,"minecraft:jump":2064,"minecraft:walk_on_water_one_cm":38274,"minecraft:total_world_time":159535,"minecraft:interact_with_furnace":78,"minecraft:interact_with_cartography_table":1,"minecraft:interact_with_stonecutter":1,"minecraft:sleep_in_bed":1,"minecraft:time_since_rest":51040,"minecraft:damage_taken":4353,"minecraft:damage_absorbed":80,"minecraft:trigger_trapped_chest":3,"minecraft:damage_dealt":17701,"minecraft:swim_one_cm":70507,"minecraft:fly_one_cm":398781,"minecraft:open_chest":44,"minecraft:crouch_one_cm":12245,"minecraft:fall_one_cm":45467,"minecraft:inspect_dispenser":2},"minecraft:broken":{"minecraft:iron_axe":1},"minecraft:crafted":{"minecraft:oak_planks":72,"minecraft:wind_charge":4,"minecraft:furnace":1,"travelersbackpack:blank_upgrade":4,"travelersbackpack:gold_tier_upgrade":1,"minecraft:cooked_mutton":3,"minecraft:glass":24,"minecraft:diamond_leggings":1,"minecraft:iron_boots":1,"minecraft:iron_axe":1,"travelersbackpack:gray_sleeping_bag":1,"minecraft:stone_pickaxe":1,"minecraft:chest":2,"minecraft:dark_oak_planks":28,"minecraft:stone_hoe":1,"travelersbackpack:diamond_tier_upgrade":1,"minecraft:cooked_beef":8,"travelersbackpack:iron_tier_upgrade":1,"minecraft:crafting_table":1,"travelersbackpack:backpack_tank":4,"minecraft:wooden_pickaxe":1,"travelersbackpack:standard":2,"minecraft:iron_sword":1,"minecraft:smithing_table":1,"minecraft:cooked_salmon":8,"minecraft:bucket":1,"minecraft:stone_axe":1,"minecraft:air":0,"minecraft:oak_boat":1,"minecraft:diamond_pickaxe":1,"minecraft:shield":2,"minecraft:stick":20,"minecraft:iron_ingot":35,"minecraft:stone_sword":1,"minecraft:iron_leggings":1,"minecraft:gold_ingot":2,"minecraft:white_bed":1,"minecraft:diamond_chestplate":1},"minecraft:killed":{"illagerinvasion:archivist":5,"minecraft:evoker":1,"minecraft:vex":2,"minecraft:cave_spider":2,"minecraft:bogged":2,"minecraft:witch":1,"minecraft:vindicator":8,"illagerinvasion:marauder":2,"illagerinvasion:basher":3,"minecraft:skeleton":13,"friendsandfoes:glare":4,"illagerinvasion:provoker":6,"artifacts:mimic":2,"illagerinvasion:necromancer":1,"minecraft:salmon":8,"minecraft:creeper":1,"minecraft:sheep":2,"minecraft:zombie":12,"minecraft:cow":13},"minecraft:used":{"minecraft:stone_sword":91,"minecraft:black_carpet":2,"minecraft:shield":37,"minecraft:iron_sword":203,"minecraft:cooked_salmon":8,"minecraft:stone_hoe":55,"minecraft:dirt":1,"travelersbackpack:gray_sleeping_bag":1,"minecraft:chainmail_chestplate":1,"minecraft:yellow_carpet":1,"minecraft:tuff":2,"minecraft:dark_oak_planks":26,"minecraft:iron_axe":56,"minecraft:totem_of_undying":1,"minecraft:stone_brick_stairs":1,"minecraft:stone_bricks":14,"minecraft:rabbit_stew":2,"minecraft:furnace":7,"minecraft:cooked_beef":21,"minecraft:cobbled_deepslate":56,"minecraft:cooked_mutton":3,"minecraft:water_bucket":2,"minecraft:diorite":2,"adventurez:cooked_venison":4,"minecraft:stone_pickaxe":75,"minecraft:gray_carpet":2,"minecraft:oak_planks":18,"minecraft:wooden_pickaxe":21,"minecraft:chainmail_helmet":1,"minecraft:crafting_table":14,"minecraft:white_bed":5,"minecraft:diamond_pickaxe":130,"minecraft:dark_oak_log":1,"minecraft:bread":14,"minecraft:iron_pickaxe":119,"minecraft:chiseled_stone_bricks":4,"minecraft:green_carpet":2,"minecraft:stone_axe":73,"minecraft:cobblestone":20,"minecraft:smithing_table":2,"minecraft:bucket":3,"minecraft:oak_boat":1},"minecraft:picked_up":{"minecraft:crafting_table":16,"minecraft:black_carpet":2,"minecraft:splash_potion":2,"minecraft:redstone_block":3,"minecraft:golden_pickaxe":1,"minecraft:smithing_table":2,"minecraft:wither_rose":1,"minecraft:potion":1,"minecraft:stone_brick_stairs":1,"minecraft:brick":30,"minecraft:wind_charge":16,"minecraft:music_disc_cat":1,"minecraft:moss_carpet":1,"minecraft:string":15,"minecraft:iron_axe":1,"minecraft:cooked_salmon":9,"minecraft:sticky_piston":12,"minecraft:cobbled_deepslate":147,"minecraft:beef":26,"minecraft:trial_key":1,"minecraft:rose_bush":1,"minecraft:oak_boat":1,"minecraft:azalea":1,"minecraft:iron_nugget":22,"minecraft:iron_pickaxe":1,"minecraft:waxed_oxidized_copper":2,"minecraft:furnace":11,"minecraft:tipped_arrow":3,"minecraft:stick":9,"minecraft:raw_iron":42,"minecraft:copper_ingot":18,"minecraft:flow_pottery_sherd":2,"minecraft:diorite":2,"minecraft:redstone":14,"minecraft:dark_oak_planks":24,"minecraft:stone_sword":3,"minecraft:arrow":36,"minecraft:rotten_flesh":20,"minecraft:hay_block":55,"artifacts:pocket_piston":1,"travelersbackpack:gray_sleeping_bag":1,"minecraft:totem_of_undying":1,"minecraft:tuff_bricks":12,"artifacts:panic_necklace":1,"minecraft:glow_berries":2,"minecraft:mutton":3,"minecraft:cobblestone":67,"minecraft:rail":1,"minecraft:skeleton_skull":1,"minecraft:white_wool":10,"minecraft:cooked_beef":27,"artifacts:digging_claws":1,"minecraft:salmon":8,"minecraft:leather":36,"minecraft:flint":8,"minecraft:tuff":5,"minecraft:oak_log":18,"minecraft:gunpowder":5,"minecraft:lapis_lazuli":6,"minecraft:map":1,"minecraft:dirt":1,"minecraft:paper":6,"minecraft:white_banner":3,"minecraft:cooked_mutton":8,"minecraft:bone":23,"minecraft:chipped_anvil":2,"minecraft:stone_bricks":14,"minecraft:gray_carpet":2,"minecraft:bow":1,"minecraft:wheat_seeds":1,"minecraft:raw_gold":3,"minecraft:iron_ingot":6,"minecraft:stone_pickaxe":4,"minecraft:glowstone_dust":5,"minecraft:moss_block":5,"minecraft:oak_planks":80,"minecraft:flowering_azalea":1,"minecraft:book":21,"minecraft:dark_oak_slab":7,"minecraft:chiseled_stone_bricks":6,"minecraft:sand":24,"minecraft:blast_furnace":1,"minecraft:white_bed":4,"minecraft:polished_tuff":1,"minecraft:green_carpet":2,"minecraft:trapped_chest":1,"minecraft:dark_oak_log":8,"minecraft:spider_eye":9,"minecraft:brewer_pottery_sherd":2,"minecraft:bundle":2,"travelersbackpack:standard":1,"minecraft:miner_pottery_sherd":6,"minecraft:yellow_carpet":1,"adventurez:cooked_venison":4,"minecraft:diamond":21,"minecraft:stone_axe":3,"artifacts:crystal_heart":1,"minecraft:granite":1,"minecraft:gray_wool":2,"minecraft:emerald":25,"minecraft:oak_sapling":1,"minecraft:coal":40},"minecraft:dropped":{"minecraft:iron_ingot":6,"minecraft:wheat_seeds":1,"minecraft:cooked_beef":1,"minecraft:golden_pickaxe":1,"minecraft:copper_ingot":10,"travelersbackpack:standard":1,"minecraft:flint":8,"minecraft:stick":8,"minecraft:emerald":9,"minecraft:waxed_oxidized_copper":1,"minecraft:wither_rose":1,"minecraft:white_banner":2,"minecraft:glistering_melon_slice":6,"minecraft:trapped_chest":1,"minecraft:music_disc_cat":2,"minecraft:bone":8,"minecraft:stone_axe":1,"minecraft:cobbled_deepslate":62,"minecraft:bowl":2,"minecraft:sticky_piston":12,"minecraft:rotten_flesh":9,"minecraft:glowstone_dust":3,"minecraft:melon_seeds":8,"minecraft:oak_sapling":1,"minecraft:miner_pottery_sherd":2,"minecraft:spider_eye":7,"minecraft:arrow":10,"minecraft:stone_pickaxe":2,"minecraft:wooden_pickaxe":1,"minecraft:raw_gold":1,"minecraft:brick":6},"minecraft:mined":{"minecraft:dark_oak_planks":22,"minecraft:tuff":6,"minecraft:white_bed":4,"minecraft:deepslate_diamond_ore":18,"minecraft:dark_oak_log":8,"minecraft:granite":1,"minecraft:grass_block":1,"minecraft:decorated_pot":10,"minecraft:yellow_carpet":1,"minecraft:polished_diorite":1,"minecraft:spruce_leaves":4,"minecraft:moss_block":5,"minecraft:tuff_bricks":12,"minecraft:chiseled_stone_bricks":7,"minecraft:spawner":1,"minecraft:hay_block":55,"minecraft:tall_seagrass":2,"minecraft:glowstone":1,"minecraft:furnace":7,"minecraft:fire":1,"minecraft:iron_ore":33,"minecraft:sticky_piston":2,"minecraft:cobbled_deepslate":3,"minecraft:polished_tuff":2,"minecraft:black_carpet":4,"minecraft:bookshelf":5,"minecraft:cave_vines":1,"minecraft:green_carpet":2,"minecraft:azalea":1,"minecraft:stone":43,"minecraft:white_wool":2,"travelersbackpack:gray_sleeping_bag":1,"minecraft:piston_head":4,"minecraft:smithing_table":2,"minecraft:flowering_azalea":1,"minecraft:redstone_block":3,"minecraft:glass_pane":2,"minecraft:crafting_table":13,"minecraft:short_grass":4,"minecraft:blast_furnace":1,"minecraft:rose_bush":1,"easyanvils:minecraft/chipped_anvil":2,"minecraft:tall_grass":1,"minecraft:cobblestone":1,"minecraft:oak_planks":11,"minecraft:diorite":2,"minecraft:wall_torch":1,"minecraft:skeleton_skull":1,"minecraft:polished_diorite_stairs":1,"minecraft:seagrass":1,"minecraft:gray_wool":2,"minecraft:dark_oak_slab":7,"minecraft:tnt":1,"minecraft:stone_brick_stairs":1,"minecraft:oak_log":18,"minecraft:coal_ore":19,"minecraft:waxed_oxidized_copper":1,"minecraft:sand":24,"minecraft:gray_carpet":5,"minecraft:cobweb":13,"minecraft:stone_bricks":14,"minecraft:oak_leaves":4,"minecraft:deepslate":143}},"DataVersion":3955}