{"stats":{"minecraft:killed_by":{"minecraft:vex":3},"minecraft:custom":{"minecraft:interact_with_smithing_table":4,"minecraft:mob_kills":69,"minecraft:interact_with_crafting_table":28,"minecraft:open_barrel":11,"minecraft:bell_ring":2,"minecraft:leave_game":2,"minecraft:time_since_death":107669,"minecraft:climb_one_cm":16,"minecraft:sprint_one_cm":315685,"minecraft:walk_one_cm":253545,"minecraft:damage_blocked_by_shield":590,"minecraft:drop":36,"minecraft:talked_to_villager":4,"minecraft:play_time":125753,"minecraft:deaths":3,"minecraft:sneak_time":2890,"minecraft:walk_under_water_one_cm":12344,"minecraft:boat_one_cm":21999,"minecraft:interact_with_brewingstand":1,"minecraft:jump":1454,"minecraft:walk_on_water_one_cm":23661,"minecraft:total_world_time":125753,"minecraft:interact_with_furnace":76,"minecraft:interact_with_stonecutter":1,"minecraft:sleep_in_bed":1,"minecraft:time_since_rest":17258,"minecraft:damage_taken":3107,"minecraft:damage_absorbed":80,"minecraft:trigger_trapped_chest":2,"minecraft:damage_dealt":11084,"minecraft:swim_one_cm":65307,"minecraft:fly_one_cm":312247,"minecraft:open_chest":39,"minecraft:crouch_one_cm":7601,"minecraft:fall_one_cm":32096},"minecraft:broken":{"minecraft:iron_axe":1},"minecraft:crafted":{"minecraft:oak_planks":72,"minecraft:furnace":1,"travelersbackpack:blank_upgrade":4,"travelersbackpack:gold_tier_upgrade":1,"minecraft:cooked_mutton":3,"minecraft:glass":24,"minecraft:iron_boots":1,"minecraft:iron_axe":1,"travelersbackpack:gray_sleeping_bag":1,"minecraft:stone_pickaxe":1,"minecraft:chest":2,"minecraft:dark_oak_planks":28,"minecraft:stone_hoe":1,"minecraft:cooked_beef":8,"travelersbackpack:iron_tier_upgrade":1,"minecraft:crafting_table":1,"travelersbackpack:backpack_tank":4,"minecraft:wooden_pickaxe":1,"travelersbackpack:standard":2,"minecraft:iron_sword":1,"minecraft:smithing_table":1,"minecraft:cooked_salmon":8,"minecraft:stone_axe":1,"minecraft:air":0,"minecraft:oak_boat":1,"minecraft:diamond_pickaxe":1,"minecraft:shield":2,"minecraft:stick":20,"minecraft:iron_ingot":35,"minecraft:stone_sword":1,"minecraft:iron_leggings":1,"minecraft:gold_ingot":2,"minecraft:white_bed":1},"minecraft:killed":{"illagerinvasion:archivist":5,"minecraft:evoker":1,"minecraft:vex":2,"minecraft:cave_spider":2,"minecraft:vindicator":8,"illagerinvasion:marauder":2,"illagerinvasion:basher":3,"minecraft:skeleton":2,"friendsandfoes:glare":4,"illagerinvasion:provoker":6,"illagerinvasion:necromancer":1,"minecraft:salmon":8,"minecraft:creeper":1,"minecraft:sheep":2,"minecraft:zombie":4,"minecraft:cow":13},"minecraft:used":{"minecraft:stone_sword":91,"minecraft:black_carpet":2,"minecraft:shield":15,"minecraft:iron_sword":93,"minecraft:cooked_salmon":8,"minecraft:stone_hoe":55,"minecraft:dirt":1,"travelersbackpack:gray_sleeping_bag":1,"minecraft:chainmail_chestplate":1,"minecraft:yellow_carpet":1,"minecraft:dark_oak_planks":26,"minecraft:iron_axe":33,"minecraft:totem_of_undying":1,"minecraft:stone_brick_stairs":1,"minecraft:stone_bricks":14,"minecraft:furnace":7,"minecraft:cooked_beef":11,"minecraft:cobbled_deepslate":26,"minecraft:cooked_mutton":3,"adventurez:cooked_venison":3,"minecraft:stone_pickaxe":75,"minecraft:gray_carpet":2,"minecraft:oak_planks":18,"minecraft:wooden_pickaxe":21,"minecraft:chainmail_helmet":1,"minecraft:crafting_table":11,"minecraft:white_bed":3,"minecraft:diamond_pickaxe":43,"minecraft:dark_oak_log":1,"minecraft:bread":10,"minecraft:iron_pickaxe":28,"minecraft:chiseled_stone_bricks":4,"minecraft:green_carpet":2,"minecraft:stone_axe":73,"minecraft:cobblestone":9,"minecraft:smithing_table":1,"minecraft:oak_boat":1},"minecraft:picked_up":{"minecraft:crafting_table":14,"minecraft:black_carpet":2,"minecraft:redstone_block":3,"minecraft:golden_pickaxe":1,"minecraft:smithing_table":1,"minecraft:wither_rose":1,"minecraft:stone_brick_stairs":1,"minecraft:music_disc_cat":1,"minecraft:string":15,"minecraft:iron_axe":1,"minecraft:cooked_salmon":9,"minecraft:sticky_piston":12,"minecraft:cobbled_deepslate":26,"minecraft:beef":26,"minecraft:rose_bush":1,"minecraft:oak_boat":1,"minecraft:iron_nugget":22,"minecraft:iron_pickaxe":1,"minecraft:furnace":11,"minecraft:stick":9,"minecraft:raw_iron":35,"minecraft:dark_oak_planks":24,"minecraft:stone_sword":3,"minecraft:arrow":20,"minecraft:rotten_flesh":3,"minecraft:hay_block":55,"travelersbackpack:gray_sleeping_bag":1,"minecraft:totem_of_undying":1,"minecraft:glow_berries":2,"minecraft:mutton":3,"minecraft:rail":1,"minecraft:cobblestone":58,"minecraft:skeleton_skull":1,"minecraft:white_wool":10,"minecraft:cooked_beef":27,"minecraft:salmon":8,"minecraft:leather":36,"minecraft:flint":8,"minecraft:tuff":3,"minecraft:oak_log":18,"minecraft:gunpowder":5,"minecraft:map":1,"minecraft:dirt":1,"minecraft:paper":6,"minecraft:white_banner":3,"minecraft:cooked_mutton":8,"minecraft:bone":3,"minecraft:stone_bricks":14,"minecraft:gray_carpet":2,"minecraft:wheat_seeds":1,"minecraft:raw_gold":3,"minecraft:iron_ingot":6,"minecraft:stone_pickaxe":4,"minecraft:glowstone_dust":3,"minecraft:flowering_azalea":1,"minecraft:oak_planks":75,"minecraft:book":21,"minecraft:dark_oak_slab":7,"minecraft:chiseled_stone_bricks":6,"minecraft:sand":24,"minecraft:white_bed":3,"minecraft:green_carpet":2,"minecraft:trapped_chest":1,"minecraft:dark_oak_log":8,"minecraft:spider_eye":9,"travelersbackpack:standard":1,"minecraft:yellow_carpet":1,"adventurez:cooked_venison":4,"minecraft:diamond":7,"minecraft:stone_axe":3,"minecraft:gray_wool":2,"minecraft:emerald":25,"minecraft:oak_sapling":1,"minecraft:coal":34},"minecraft:dropped":{"minecraft:iron_ingot":6,"minecraft:wheat_seeds":1,"minecraft:cooked_beef":1,"minecraft:golden_pickaxe":1,"minecraft:copper_ingot":10,"travelersbackpack:standard":1,"minecraft:stick":8,"minecraft:flint":8,"minecraft:emerald":9,"minecraft:wither_rose":1,"minecraft:white_banner":2,"minecraft:glistering_melon_slice":6,"minecraft:trapped_chest":1,"minecraft:music_disc_cat":2,"minecraft:bone":2,"minecraft:stone_axe":1,"minecraft:sticky_piston":12,"minecraft:rotten_flesh":9,"minecraft:glowstone_dust":3,"minecraft:melon_seeds":8,"minecraft:oak_sapling":1,"minecraft:spider_eye":7,"minecraft:arrow":10,"minecraft:stone_pickaxe":2,"minecraft:wooden_pickaxe":1,"minecraft:raw_gold":1},"minecraft:mined":{"minecraft:dark_oak_planks":22,"minecraft:tuff":3,"minecraft:white_bed":3,"minecraft:deepslate_diamond_ore":4,"minecraft:dark_oak_log":8,"minecraft:grass_block":1,"minecraft:yellow_carpet":1,"minecraft:polished_diorite":1,"minecraft:spruce_leaves":4,"minecraft:spawner":1,"minecraft:chiseled_stone_bricks":7,"minecraft:hay_block":55,"minecraft:tall_seagrass":2,"minecraft:glowstone":1,"minecraft:furnace":7,"minecraft:iron_ore":26,"minecraft:sticky_piston":2,"minecraft:black_carpet":4,"minecraft:bookshelf":5,"minecraft:green_carpet":2,"minecraft:stone":34,"minecraft:white_wool":2,"travelersbackpack:gray_sleeping_bag":1,"minecraft:piston_head":4,"minecraft:smithing_table":1,"minecraft:flowering_azalea":1,"minecraft:redstone_block":3,"minecraft:glass_pane":2,"minecraft:crafting_table":11,"minecraft:short_grass":3,"minecraft:rose_bush":1,"minecraft:cobblestone":1,"minecraft:oak_planks":5,"minecraft:wall_torch":1,"minecraft:skeleton_skull":1,"minecraft:polished_diorite_stairs":1,"minecraft:seagrass":1,"minecraft:gray_wool":2,"minecraft:dark_oak_slab":7,"minecraft:stone_brick_stairs":1,"minecraft:oak_log":18,"minecraft:coal_ore":19,"minecraft:sand":24,"minecraft:gray_carpet":5,"minecraft:cobweb":13,"minecraft:stone_bricks":14,"minecraft:oak_leaves":4,"minecraft:deepslate":26}},"DataVersion":3955}