{"stats":{"minecraft:custom":{"minecraft:interact_with_crafting_table":54,"minecraft:open_barrel":4,"minecraft:leave_game":6,"minecraft:time_since_death":373598,"minecraft:sprint_one_cm":1310978,"minecraft:damage_blocked_by_shield":2860,"minecraft:drop":92,"minecraft:talked_to_villager":446,"minecraft:play_time":628591,"minecraft:deaths":6,"minecraft:jump":10888,"minecraft:walk_on_water_one_cm":60221,"minecraft:enchant_item":8,"minecraft:interact_with_furnace":104,"minecraft:traded_with_villager":1461,"minecraft:interact_with_cartography_table":1,"minecraft:sleep_in_bed":22,"minecraft:damage_dealt":19322,"minecraft:crouch_one_cm":170015,"minecraft:interact_with_smoker":1,"minecraft:horse_one_cm":71102,"minecraft:interact_with_smithing_table":13,"minecraft:interact_with_anvil":50,"minecraft:mob_kills":98,"minecraft:climb_one_cm":1147,"minecraft:walk_one_cm":946116,"minecraft:sneak_time":57692,"minecraft:walk_under_water_one_cm":50881,"minecraft:boat_one_cm":382896,"minecraft:interact_with_blast_furnace":5,"minecraft:total_world_time":628591,"minecraft:interact_with_grindstone":10,"minecraft:interact_with_stonecutter":17,"minecraft:time_since_rest":21157,"minecraft:damage_taken":6842,"minecraft:swim_one_cm":97756,"minecraft:fly_one_cm":2257993,"minecraft:open_chest":456,"minecraft:fall_one_cm":255468},"minecraft:broken":{"minecraft:iron_shovel":1,"minecraft:iron_axe":2,"minecraft:iron_pickaxe":1},"minecraft:killed_by":{"minecraft:vindicator":1,"betternether:skull":1},"minecraft:killed":{"betternether:skull":1,"minecraft:spider":1,"betternether:firefly":2,"minecraft:skeleton":16,"deeperdarker:sculk_leech":1,"minecraft:illusioner":1,"minecraft:piglin_brute":3,"artifacts:mimic":2,"minecraft:piglin":1,"deeperdarker:stalker":1,"minecraft:pig":7,"minecraft:iron_golem":3,"minecraft:creeper":3,"minecraft:sheep":11,"minecraft:zombie":21,"minecraft:cow":13,"adventurez:orc":1,"minecraft:bat":1,"minecraft:hoglin":1,"minecraft:villager":3},"minecraft:used":{"minecraft:iron_shovel":250,"minecraft:polished_deepslate":105,"minecraft:spruce_slab":2,"minecraft:diamond_hoe":3,"minecraft:shield":68,"minecraft:chest":25,"minecraft:iron_sword":227,"minecraft:zombie_spawn_egg":2,"minecraft:iron_chestplate":1,"minecraft:soul_sand":3,"minecraft:nether_bricks":6,"minecraft:carrot":1,"minecraft:deepslate_tile_slab":131,"minecraft:obsidian":10,"minecraft:spruce_boat":5,"minecraft:glass":147,"minecraft:villager_spawn_egg":3,"friendsandfoes:totem_of_illusion":1,"minecraft:iron_helmet":1,"minecraft:item_frame":1,"minecraft:hay_block":2,"minecraft:sweet_berries":8,"minecraft:oak_sapling":21,"minecraft:furnace":11,"minecraft:dark_oak_sapling":7,"minecraft:diorite":9,"minecraft:stone_pickaxe":77,"minecraft:dark_oak_sign":9,"minecraft:oak_planks":49,"minecraft:wooden_pickaxe":32,"minecraft:composter":3,"minecraft:sugar_cane":9,"minecraft:diamond_axe":90,"minecraft:sand":21,"minecraft:blast_furnace":2,"minecraft:black_bed":1,"minecraft:shears":69,"minecraft:deepslate_tiles":565,"minecraft:bread":33,"betternether:soul_sandstone":5,"minecraft:lectern":12,"minecraft:gravel":27,"minecraft:diamond_sword":15,"minecraft:smithing_table":3,"minecraft:oak_boat":30,"betternether:wall_moss":1,"minecraft:bone_meal":3,"minecraft:oak_fence":1,"minecraft:cobweb":11,"minecraft:experience_bottle":119,"minecraft:oak_trapdoor":2,"minecraft:netherite_sword":19,"minecraft:enchanting_table":2,"minecraft:stone_sword":24,"minecraft:flint_and_steel":26,"minecraft:netherrack":346,"minecraft:torch":4,"minecraft:dirt":717,"minecraft:hopper":7,"betternether:cincinnasite_fire_bowl":3,"minecraft:spruce_stairs":9,"betternether:bone_block":1,"minecraft:granite":12,"minecraft:chipped_anvil":2,"minecraft:bookshelf":24,"minecraft:iron_axe":260,"minecraft:iron_boots":1,"minecraft:diamond_chestplate":1,"minecraft:golden_carrot":31,"minecraft:soul_soil":110,"minecraft:deepslate_tile_stairs":132,"minecraft:minecart":5,"minecraft:cooked_beef":13,"minecraft:cobbled_deepslate":131,"minecraft:iron_leggings":1,"minecraft:cooked_mutton":16,"minecraft:water_bucket":102,"minecraft:fletching_table":4,"minecraft:stonecutter":10,"minecraft:deepslate_bricks":1,"minecraft:polished_deepslate_slab":23,"minecraft:rail":146,"minecraft:crafting_table":8,"minecraft:dark_oak_fence_gate":6,"minecraft:white_bed":15,"justhammers:iron_hammer":54,"minecraft:deepslate_tile_wall":30,"minecraft:diamond_pickaxe":1477,"minecraft:diamond_shovel":613,"minecraft:iron_pickaxe":370,"minecraft:suspicious_stew":1,"minecraft:spruce_sapling":37,"minecraft:stone_axe":64,"minecraft:cobblestone":170,"travelersbackpack:standard":5,"minecraft:cooked_porkchop":20,"minecraft:bucket":104,"minecraft:yellow_bed":1,"minecraft:gray_wool":67,"minecraft:diamond_leggings":1,"minecraft:soul_torch":18},"minecraft:dropped":{"minecraft:soul_sand":128,"minecraft:lapis_lazuli":7,"minecraft:oak_log":2,"minecraft:diamond":1,"minecraft:dirt":135,"travelersbackpack:villager":1,"minecraft:mutton":2,"betternether:wall_mushroom_brown":2,"minecraft:sunflower":1,"minecraft:polished_blackstone_bricks":4,"minecraft:bone":2,"minecraft:emerald_block":6,"minecraft:sugar_cane":1,"minecraft:rotten_flesh":19,"artifacts:villager_hat":1,"justhammers:iron_hammer":1,"minecraft:nether_brick_fence":1,"minecraft:poppy":1,"minecraft:deepslate_tiles":41,"minecraft:gunpowder":2,"minecraft:enchanted_book":7,"minecraft:bread":369,"minecraft:wheat_seeds":9,"minecraft:iron_helmet":2,"minecraft:cobblestone":4,"minecraft:stick":1,"minecraft:golden_carrot":64,"minecraft:torch":3,"minecraft:iron_leggings":2,"minecraft:stonecutter":1,"minecraft:spruce_sapling":27,"minecraft:dandelion":3,"minecraft:soul_torch":2,"minecraft:stone_sword":1,"minecraft:tuff":1,"minecraft:diamond_hoe":1,"minecraft:shears":1,"betternether:lapis_pile":3,"minecraft:shield":1,"minecraft:diamond_pickaxe":3,"minecraft:iron_chestplate":1,"minecraft:oak_sapling":2,"minecraft:oak_boat":3,"artifacts:pickaxe_heater":1,"handcrafted:hammer":1,"minecraft:stone_pickaxe":2,"minecraft:wooden_pickaxe":1,"minecraft:black_wool":2},"minecraft:crafted":{"minecraft:oak_planks":3028,"travelersbackpack:crafting_upgrade":1,"minecraft:stone":3,"minecraft:diamond_shovel":1,"minecraft:bookshelf":32,"minecraft:suspicious_stew":7,"minecraft:cooked_mutton":15,"minecraft:glass":454,"minecraft:hopper":6,"minecraft:diamond_helmet":1,"minecraft:iron_boots":2,"minecraft:chest":28,"minecraft:rail":80,"minecraft:oak_fence":3,"minecraft:glass_bottle":219,"minecraft:oak_slab":18,"travelersbackpack:iron_tier_upgrade":1,"minecraft:emerald":1151,"minecraft:cooked_porkchop":15,"minecraft:diamond_axe":2,"minecraft:crafting_table":2,"minecraft:spruce_planks":6072,"travelersbackpack:standard":3,"minecraft:wooden_pickaxe":1,"minecraft:iron_helmet":1,"minecraft:smithing_table":1,"minecraft:clock":13,"minecraft:fletching_table":2,"minecraft:polished_deepslate_slab":6,"minecraft:apple":40,"minecraft:lectern":8,"minecraft:dark_oak_slab":12,"minecraft:iron_chestplate":1,"minecraft:book":1,"minecraft:paper":3,"minecraft:diamond_pickaxe":2,"minecraft:emerald_block":27,"minecraft:shield":2,"minecraft:stick":18568,"minecraft:iron_ingot":106,"minecraft:compass":4,"minecraft:iron_pickaxe":2,"minecraft:stone_sword":1,"minecraft:gold_ingot":16,"minecraft:composter":1,"minecraft:dark_oak_fence_gate":6,"minecraft:shears":2,"minecraft:golden_carrot":180,"minecraft:cookie":144,"minecraft:redstone":18,"minecraft:raw_iron":9,"minecraft:experience_bottle":116,"minecraft:furnace":4,"minecraft:dark_oak_sign":9,"minecraft:bone_meal":3,"travelersbackpack:blank_upgrade":4,"travelersbackpack:gold_tier_upgrade":1,"travelersbackpack:villager":3,"minecraft:flint_and_steel":1,"minecraft:lantern":20,"minecraft:spruce_stairs":8,"travelersbackpack:white_sleeping_bag":1,"minecraft:iron_axe":2,"minecraft:spruce_slab":18,"minecraft:ender_pearl":7,"minecraft:stone_pickaxe":1,"minecraft:spruce_boat":1,"minecraft:deepslate_tile_wall":16,"minecraft:dark_oak_planks":596,"travelersbackpack:diamond_tier_upgrade":1,"minecraft:minecart":2,"minecraft:cooked_beef":28,"minecraft:diamond_sword":1,"minecraft:enchanting_table":1,"travelersbackpack:backpack_tank":4,"minecraft:iron_sword":2,"minecraft:bucket":1,"minecraft:stone_axe":1,"minecraft:glowstone":8,"minecraft:enchanted_book":30,"minecraft:air":0,"minecraft:bread":144,"minecraft:oak_boat":2,"justhammers:iron_hammer":2,"handcrafted:hammer":1,"minecraft:iron_shovel":1,"minecraft:iron_leggings":1,"minecraft:stonecutter":1,"minecraft:white_bed":2,"minecraft:lapis_lazuli":12,"minecraft:diamond_chestplate":1},"minecraft:picked_up":{"minecraft:iron_chestplate":4,"minecraft:nether_brick_fence":1,"minecraft:suspicious_stew":1,"minecraft:smithing_table":2,"minecraft:oak_stairs":1,"minecraft:stone_brick_stairs":8,"betternether:bone_block":1,"minecraft:polished_deepslate":29,"minecraft:string":20,"minecraft:soul_soil":760,"minecraft:iron_leggings":6,"minecraft:deepslate_tiles":282,"minecraft:diamond_leggings":1,"minecraft:gold_nugget":31,"minecraft:cobbled_deepslate":139,"minecraft:bucket":1,"minecraft:iron_pickaxe":5,"minecraft:furnace":7,"minecraft:iron_boots":4,"minecraft:stick":323,"minecraft:composter":2,"minecraft:torch":11,"minecraft:spruce_stairs":1,"minecraft:porkchop":19,"minecraft:diorite":14,"minecraft:deepslate_tile_stairs":51,"betternether:cincinnasite":22,"betternether:lapis_pile":9,"deeperdarker:soul_dust":1,"minecraft:rotten_flesh":74,"minecraft:iron_block":1,"minecraft:obsidian":34,"adventurez:orc_skin":1,"minecraft:snowball":5,"minecraft:cobblestone":406,"minecraft:enchanting_table":1,"minecraft:cooked_beef":30,"minecraft:magma_cream":4,"minecraft:andesite":1,"minecraft:water_bucket":4,"minecraft:black_bed":1,"minecraft:flint":7,"minecraft:tuff":1,"adventurez:gilded_blackstone_shard":2,"artifacts:pickaxe_heater":6,"minecraft:lapis_lazuli":183,"minecraft:dirt":851,"minecraft:glass":1,"minecraft:bone":16,"minecraft:chipped_anvil":2,"minecraft:stonecutter":11,"minecraft:bow":1,"minecraft:wheat_seeds":31,"minecraft:raw_gold":8,"minecraft:fletching_table":2,"minecraft:glowstone_dust":2,"minecraft:oak_planks":84,"minecraft:cooked_porkchop":34,"betternether:wall_moss":1,"justhammers:iron_hammer":6,"minecraft:sand":112,"handcrafted:hammer":1,"deeperdarker:soul_crystal":1,"minecraft:grass_block":7,"minecraft:dark_oak_log":133,"minecraft:bundle":1,"minecraft:diamond":39,"minecraft:spruce_boat":5,"minecraft:granite":12,"minecraft:golden_apple":2,"minecraft:emerald":1,"minecraft:bread":267,"minecraft:oak_sapling":237,"minecraft:netherrack":830,"minecraft:diamond_pickaxe":6,"minecraft:crafting_table":7,"minecraft:azure_bluet":17,"friendsandfoes:totem_of_illusion":1,"minecraft:gold_block":1,"minecraft:shield":7,"minecraft:iron_axe":4,"minecraft:flint_and_steel":4,"minecraft:item_frame":1,"minecraft:iron_shovel":2,"deeperdarker:warden_carapace":1,"minecraft:beef":28,"minecraft:oak_boat":35,"minecraft:poppy":1,"minecraft:minecart":1,"minecraft:lectern":4,"minecraft:sugar_cane":29,"minecraft:chest":5,"minecraft:diamond_hoe":2,"minecraft:dark_oak_sapling":10,"minecraft:raw_iron":76,"minecraft:polished_deepslate_slab":12,"betternether:soul_sandstone":5,"minecraft:polished_blackstone_bricks":8,"minecraft:carrot":1,"minecraft:redstone":112,"minecraft:dark_oak_planks":48,"artifacts:snorkel":5,"minecraft:arrow":53,"minecraft:nether_bricks":6,"minecraft:deepslate_bricks":1,"minecraft:hay_block":2,"minecraft:gold_ingot":22,"betternether:cincinnasite_fire_bowl":3,"minecraft:mutton":18,"minecraft:rail":141,"minecraft:white_wool":9,"minecraft:oxeye_daisy":8,"minecraft:stripped_oak_log":17,"minecraft:golden_carrot":29,"minecraft:leather":11,"betternether:wall_mushroom_brown":4,"minecraft:oak_log":783,"minecraft:yellow_bed":1,"minecraft:gunpowder":4,"minecraft:deepslate_tile_slab":60,"minecraft:cooked_mutton":1,"minecraft:apple":34,"minecraft:stone_bricks":2,"minecraft:iron_ingot":110,"minecraft:stone_pickaxe":1,"minecraft:cobweb":16,"minecraft:iron_sword":4,"minecraft:soul_sand":446,"minecraft:book":72,"minecraft:chiseled_stone_bricks":1,"minecraft:quartz":77,"minecraft:dandelion":88,"minecraft:raw_iron_block":1,"minecraft:gravel":23,"minecraft:soul_torch":2,"minecraft:spruce_sapling":131,"minecraft:blast_furnace":2,"minecraft:white_bed":13,"minecraft:spruce_log":1518,"illagerinvasion:illusionary_dust":1,"travelersbackpack:standard":4,"minecraft:stone_axe":1,"minecraft:iron_helmet":5,"minecraft:gray_wool":72,"minecraft:black_wool":2,"minecraft:coal":82,"minecraft:hopper":1,"minecraft:sunflower":2},"minecraft:mined":{"minecraft:white_bed":8,"minecraft:oak_sapling":15,"betternether:bone_block":1,"easymagic:minecraft/enchanting_table":1,"minecraft:obsidian":35,"minecraft:potted_dead_bush":1,"minecraft:granite":12,"minecraft:grass_block":474,"minecraft:deepslate_bricks":1,"minecraft:soul_soil":272,"minecraft:deepslate_tile_stairs":51,"minecraft:composter":1,"minecraft:hopper":1,"minecraft:oxeye_daisy":2,"betternether:cincinnasite_ore":5,"minecraft:chiseled_stone_bricks":1,"minecraft:spawner":1,"minecraft:polished_blackstone_bricks":2,"minecraft:raw_iron_block":1,"minecraft:iron_ore":58,"minecraft:cobbled_deepslate":5,"minecraft:fire":10,"minecraft:fletching_table":2,"minecraft:deepslate_lapis_ore":20,"minecraft:azure_bluet":5,"minecraft:sculk_shrieker":4,"minecraft:polished_deepslate_slab":11,"betternether:cincinnasite_fire_bowl":3,"minecraft:deepslate_redstone_ore":22,"minecraft:soul_fire":1,"minecraft:deepslate_tile_slab":35,"minecraft:torch":1,"minecraft:blast_furnace":2,"minecraft:chest":5,"minecraft:nether_quartz_ore":36,"minecraft:glass":17,"minecraft:cobblestone":28,"minecraft:sugar_cane":12,"minecraft:oak_planks":18,"betternether:soul_sandstone":5,"minecraft:seagrass":1,"minecraft:black_bed":1,"minecraft:stone_brick_stairs":8,"minecraft:oak_log":234,"minecraft:dark_oak_sapling":6,"minecraft:sand":92,"minecraft:dirt":201,"minecraft:stonecutter":10,"minecraft:netherrack":471,"minecraft:oak_leaves":51,"minecraft:deepslate":129,"minecraft:nether_gold_ore":2,"minecraft:deepslate_tiles":189,"minecraft:tuff":1,"minecraft:deepslate_diamond_ore":34,"minecraft:dark_oak_log":1,"minecraft:nether_bricks":6,"minecraft:spruce_leaves":4,"minecraft:hay_block":2,"minecraft:spruce_sapling":8,"minecraft:furnace":7,"minecraft:snow":1,"minecraft:andesite":1,"minecraft:gold_block":1,"minecraft:nether_brick_fence":1,"minecraft:polished_deepslate":29,"betternether:wall_moss":1,"minecraft:bookshelf":24,"minecraft:deepslate_iron_ore":70,"minecraft:rail":149,"minecraft:stripped_oak_log":17,"betternether:nether_lapis_ore":2,"minecraft:stone":344,"minecraft:smithing_table":2,"minecraft:soul_sand":112,"deeperdarker:ancient_vase":19,"minecraft:snow_block":1,"minecraft:soul_torch":1,"minecraft:dandelion":33,"minecraft:crafting_table":7,"minecraft:short_grass":93,"betternether:mushroom_grass":2,"minecraft:lectern":4,"minecraft:tall_grass":5,"easyanvils:minecraft/chipped_anvil":2,"minecraft:deepslate_coal_ore":1,"minecraft:lapis_ore":5,"minecraft:deepslate_gold_ore":15,"minecraft:sculk":6,"minecraft:diorite":14,"minecraft:spruce_stairs":1,"minecraft:gray_wool":73,"minecraft:spruce_log":5,"minecraft:yellow_bed":1,"minecraft:coal_ore":40,"minecraft:sunflower":2,"minecraft:gravel":30,"minecraft:cobweb":11,"minecraft:stone_bricks":4,"minecraft:gold_ore":3}},"DataVersion":3955}