{"stats":{"minecraft:custom":{"minecraft:interact_with_smithing_table":5,"minecraft:mob_kills":71,"minecraft:interact_with_anvil":1,"minecraft:interact_with_crafting_table":41,"minecraft:open_barrel":3,"minecraft:leave_game":2,"minecraft:time_since_death":5926,"minecraft:climb_one_cm":952,"minecraft:sprint_one_cm":282708,"minecraft:walk_one_cm":181585,"minecraft:damage_blocked_by_shield":1964,"minecraft:drop":17,"minecraft:play_time":108246,"minecraft:deaths":1,"minecraft:sneak_time":11346,"minecraft:walk_under_water_one_cm":19936,"minecraft:boat_one_cm":15977,"minecraft:jump":2701,"minecraft:interact_with_blast_furnace":4,"minecraft:walk_on_water_one_cm":19981,"minecraft:total_world_time":108246,"minecraft:interact_with_furnace":79,"minecraft:interact_with_cartography_table":1,"minecraft:sleep_in_bed":4,"minecraft:time_since_rest":3082,"minecraft:damage_taken":2552,"minecraft:damage_dealt":11098,"minecraft:swim_one_cm":27238,"minecraft:fly_one_cm":482225,"minecraft:open_chest":82,"minecraft:crouch_one_cm":24723,"minecraft:interact_with_smoker":1,"minecraft:fall_one_cm":79319},"minecraft:broken":{"minecraft:iron_pickaxe":1},"minecraft:crafted":{"minecraft:oak_planks":120,"minecraft:raw_iron":9,"travelersbackpack:crafting_upgrade":1,"minecraft:furnace":4,"travelersbackpack:blank_upgrade":4,"travelersbackpack:gold_tier_upgrade":1,"minecraft:cooked_mutton":15,"minecraft:flint_and_steel":1,"minecraft:glass":26,"travelersbackpack:white_sleeping_bag":1,"minecraft:iron_boots":1,"minecraft:iron_axe":1,"minecraft:stone_pickaxe":1,"minecraft:chest":6,"travelersbackpack:diamond_tier_upgrade":1,"minecraft:cooked_beef":28,"travelersbackpack:iron_tier_upgrade":1,"minecraft:cooked_porkchop":15,"minecraft:crafting_table":2,"minecraft:enchanting_table":1,"travelersbackpack:backpack_tank":4,"minecraft:wooden_pickaxe":1,"minecraft:iron_helmet":1,"travelersbackpack:standard":3,"minecraft:iron_sword":1,"minecraft:smithing_table":1,"minecraft:bucket":1,"minecraft:stone_axe":1,"minecraft:air":0,"minecraft:oak_boat":1,"justhammers:iron_hammer":1,"minecraft:book":1,"minecraft:paper":3,"minecraft:diamond_pickaxe":1,"minecraft:shield":2,"minecraft:stick":20,"minecraft:iron_ingot":97,"minecraft:iron_pickaxe":1,"minecraft:stone_sword":1,"minecraft:iron_leggings":1,"minecraft:iron_shovel":1,"minecraft:gold_ingot":16,"minecraft:white_bed":1},"minecraft:killed":{"minecraft:skeleton":15,"minecraft:piglin_brute":1,"artifacts:mimic":2,"minecraft:pig":7,"minecraft:bat":1,"minecraft:creeper":1,"minecraft:sheep":10,"minecraft:zombie":18,"minecraft:cow":13},"minecraft:used":{"minecraft:stone_sword":24,"minecraft:enchanting_table":1,"minecraft:iron_shovel":108,"minecraft:flint_and_steel":1,"minecraft:chest":4,"minecraft:shield":42,"minecraft:iron_sword":131,"minecraft:netherrack":8,"minecraft:dirt":18,"minecraft:carrot":1,"minecraft:granite":6,"minecraft:obsidian":10,"minecraft:chipped_anvil":1,"minecraft:iron_axe":4,"minecraft:soul_soil":26,"minecraft:sweet_berries":8,"minecraft:furnace":7,"minecraft:cooked_beef":13,"minecraft:cobbled_deepslate":25,"minecraft:cooked_mutton":16,"minecraft:water_bucket":21,"minecraft:diorite":6,"minecraft:stone_pickaxe":77,"minecraft:oak_planks":17,"minecraft:wooden_pickaxe":32,"minecraft:sugar_cane":1,"minecraft:sand":2,"minecraft:crafting_table":7,"minecraft:blast_furnace":1,"minecraft:white_bed":2,"justhammers:iron_hammer":23,"minecraft:diamond_pickaxe":70,"minecraft:bread":1,"minecraft:iron_pickaxe":290,"minecraft:gravel":20,"minecraft:stone_axe":63,"minecraft:cobblestone":63,"travelersbackpack:standard":2,"minecraft:cooked_porkchop":3,"minecraft:smithing_table":1,"minecraft:bucket":22,"minecraft:oak_boat":2},"minecraft:picked_up":{"minecraft:iron_chestplate":1,"minecraft:crafting_table":6,"minecraft:shield":2,"minecraft:soul_soil":39,"minecraft:iron_axe":1,"minecraft:flint_and_steel":1,"minecraft:iron_leggings":1,"minecraft:iron_shovel":1,"minecraft:cobbled_deepslate":33,"minecraft:bucket":1,"minecraft:beef":28,"minecraft:oak_boat":3,"minecraft:iron_pickaxe":1,"minecraft:sugar_cane":4,"minecraft:iron_boots":1,"minecraft:furnace":3,"minecraft:stick":2,"minecraft:raw_iron":76,"minecraft:porkchop":15,"minecraft:diorite":6,"minecraft:carrot":1,"minecraft:redstone":97,"artifacts:snorkel":2,"minecraft:arrow":30,"minecraft:rotten_flesh":20,"minecraft:gold_ingot":10,"minecraft:obsidian":14,"minecraft:mutton":16,"minecraft:white_wool":9,"minecraft:cobblestone":140,"minecraft:cooked_beef":15,"minecraft:leather":10,"betternether:wall_mushroom_brown":1,"minecraft:flint":1,"minecraft:tuff":1,"minecraft:oak_log":31,"minecraft:gunpowder":2,"minecraft:dirt":22,"minecraft:lapis_lazuli":168,"artifacts:pickaxe_heater":2,"minecraft:cooked_mutton":1,"minecraft:bone":12,"minecraft:chipped_anvil":1,"minecraft:wheat_seeds":2,"minecraft:raw_gold":8,"minecraft:iron_ingot":45,"minecraft:stone_pickaxe":1,"minecraft:iron_sword":1,"minecraft:oak_planks":57,"minecraft:soul_sand":28,"minecraft:cooked_porkchop":14,"minecraft:quartz":26,"justhammers:iron_hammer":1,"minecraft:raw_iron_block":1,"minecraft:gravel":20,"minecraft:sand":92,"minecraft:blast_furnace":1,"minecraft:white_bed":1,"travelersbackpack:standard":1,"minecraft:diamond":32,"minecraft:iron_helmet":1,"minecraft:granite":6,"minecraft:coal":52,"minecraft:oak_sapling":3,"minecraft:netherrack":160,"minecraft:black_wool":1,"minecraft:diamond_pickaxe":1},"minecraft:dropped":{"minecraft:wheat_seeds":2,"minecraft:lapis_lazuli":7,"minecraft:oak_log":1,"minecraft:stone_sword":1,"minecraft:tuff":1,"minecraft:rotten_flesh":19,"minecraft:gunpowder":2,"minecraft:wooden_pickaxe":1,"minecraft:stone_pickaxe":2,"minecraft:black_wool":1},"minecraft:mined":{"minecraft:tuff":1,"minecraft:white_bed":1,"minecraft:deepslate_diamond_ore":32,"minecraft:obsidian":15,"minecraft:granite":6,"minecraft:grass_block":5,"minecraft:soul_soil":15,"minecraft:spruce_leaves":1,"minecraft:spawner":1,"minecraft:raw_iron_block":1,"minecraft:furnace":3,"minecraft:iron_ore":43,"minecraft:deepslate_lapis_ore":20,"minecraft:deepslate_iron_ore":65,"betternether:nether_lapis_ore":1,"minecraft:stone":110,"minecraft:deepslate_redstone_ore":22,"minecraft:soul_sand":4,"minecraft:crafting_table":6,"minecraft:short_grass":9,"minecraft:blast_furnace":1,"easyanvils:minecraft/chipped_anvil":1,"minecraft:nether_quartz_ore":18,"minecraft:cobblestone":11,"minecraft:deepslate_coal_ore":1,"minecraft:lapis_ore":5,"minecraft:deepslate_gold_ore":15,"minecraft:sugar_cane":1,"minecraft:oak_planks":4,"minecraft:diorite":6,"minecraft:oak_log":30,"minecraft:coal_ore":38,"minecraft:gravel":21,"minecraft:sand":92,"minecraft:dirt":3,"minecraft:netherrack":32,"minecraft:gold_ore":3,"minecraft:oak_leaves":14,"minecraft:deepslate":28}},"DataVersion":3955}