{"stats":{"minecraft:custom":{"minecraft:interact_with_smithing_table":5,"minecraft:mob_kills":80,"minecraft:interact_with_anvil":1,"minecraft:interact_with_crafting_table":42,"minecraft:open_barrel":3,"minecraft:leave_game":2,"minecraft:time_since_death":19139,"minecraft:climb_one_cm":952,"minecraft:sprint_one_cm":353464,"minecraft:walk_one_cm":248065,"minecraft:damage_blocked_by_shield":2084,"minecraft:drop":30,"minecraft:play_time":144246,"minecraft:deaths":3,"minecraft:sneak_time":17556,"minecraft:walk_under_water_one_cm":19936,"minecraft:boat_one_cm":15977,"minecraft:jump":3336,"minecraft:interact_with_blast_furnace":4,"minecraft:walk_on_water_one_cm":19981,"minecraft:total_world_time":144246,"minecraft:interact_with_furnace":79,"minecraft:interact_with_cartography_table":1,"minecraft:sleep_in_bed":4,"minecraft:time_since_rest":19161,"minecraft:damage_taken":3905,"minecraft:damage_dealt":12556,"minecraft:swim_one_cm":27238,"minecraft:fly_one_cm":584062,"minecraft:open_chest":90,"minecraft:crouch_one_cm":50500,"minecraft:interact_with_smoker":1,"minecraft:fall_one_cm":99876},"minecraft:broken":{"minecraft:iron_shovel":1,"minecraft:iron_pickaxe":1},"minecraft:crafted":{"minecraft:oak_planks":124,"minecraft:raw_iron":9,"travelersbackpack:crafting_upgrade":1,"minecraft:furnace":4,"travelersbackpack:blank_upgrade":4,"travelersbackpack:gold_tier_upgrade":1,"minecraft:cooked_mutton":15,"minecraft:flint_and_steel":1,"minecraft:glass":26,"travelersbackpack:white_sleeping_bag":1,"minecraft:iron_boots":1,"minecraft:iron_axe":1,"minecraft:stone_pickaxe":1,"minecraft:chest":6,"travelersbackpack:diamond_tier_upgrade":1,"minecraft:cooked_beef":28,"travelersbackpack:iron_tier_upgrade":1,"minecraft:cooked_porkchop":15,"minecraft:crafting_table":2,"minecraft:enchanting_table":1,"travelersbackpack:backpack_tank":4,"minecraft:wooden_pickaxe":1,"minecraft:iron_helmet":1,"travelersbackpack:standard":3,"minecraft:iron_sword":1,"minecraft:smithing_table":1,"minecraft:bucket":1,"minecraft:stone_axe":1,"minecraft:air":0,"minecraft:oak_boat":1,"justhammers:iron_hammer":1,"minecraft:book":1,"minecraft:paper":3,"minecraft:diamond_pickaxe":1,"minecraft:shield":2,"minecraft:stick":20,"minecraft:iron_ingot":97,"minecraft:iron_pickaxe":2,"minecraft:stone_sword":1,"minecraft:iron_leggings":1,"minecraft:iron_shovel":1,"minecraft:gold_ingot":16,"minecraft:white_bed":1},"minecraft:killed":{"betternether:skull":1,"betternether:firefly":2,"minecraft:skeleton":15,"minecraft:piglin_brute":3,"artifacts:mimic":2,"minecraft:piglin":1,"minecraft:pig":7,"minecraft:bat":1,"minecraft:hoglin":1,"minecraft:creeper":1,"minecraft:sheep":10,"minecraft:zombie":18,"minecraft:cow":13},"minecraft:used":{"minecraft:stone_sword":24,"minecraft:enchanting_table":1,"minecraft:iron_shovel":250,"minecraft:flint_and_steel":1,"minecraft:chest":4,"minecraft:shield":45,"minecraft:iron_sword":160,"minecraft:netherrack":329,"minecraft:soul_sand":3,"minecraft:dirt":18,"minecraft:nether_bricks":6,"minecraft:carrot":1,"minecraft:granite":6,"betternether:bone_block":1,"minecraft:obsidian":10,"minecraft:chipped_anvil":1,"minecraft:iron_axe":4,"minecraft:soul_soil":102,"minecraft:sweet_berries":8,"minecraft:furnace":7,"minecraft:cooked_beef":13,"minecraft:cobbled_deepslate":25,"minecraft:iron_leggings":1,"minecraft:cooked_mutton":16,"minecraft:water_bucket":21,"minecraft:diorite":6,"minecraft:stone_pickaxe":77,"minecraft:oak_planks":17,"minecraft:wooden_pickaxe":32,"minecraft:sugar_cane":1,"minecraft:sand":2,"minecraft:crafting_table":7,"minecraft:blast_furnace":1,"minecraft:white_bed":2,"justhammers:iron_hammer":52,"minecraft:diamond_pickaxe":460,"betternether:soul_sandstone":5,"minecraft:bread":1,"minecraft:iron_pickaxe":366,"minecraft:gravel":20,"minecraft:stone_axe":64,"minecraft:cobblestone":63,"travelersbackpack:standard":2,"minecraft:cooked_porkchop":10,"minecraft:smithing_table":1,"minecraft:bucket":22,"minecraft:oak_boat":2},"minecraft:picked_up":{"minecraft:iron_chestplate":2,"minecraft:crafting_table":6,"minecraft:nether_brick_fence":1,"betternether:bone_block":1,"minecraft:shield":5,"minecraft:soul_soil":719,"minecraft:iron_axe":2,"minecraft:flint_and_steel":2,"minecraft:iron_leggings":5,"minecraft:iron_shovel":2,"minecraft:gold_nugget":6,"minecraft:cobbled_deepslate":33,"minecraft:bucket":1,"minecraft:beef":28,"minecraft:oak_boat":4,"minecraft:iron_pickaxe":3,"minecraft:sugar_cane":4,"minecraft:iron_boots":2,"minecraft:furnace":3,"minecraft:stick":4,"minecraft:raw_iron":76,"betternether:soul_sandstone":5,"minecraft:porkchop":19,"minecraft:polished_blackstone_bricks":8,"minecraft:diorite":6,"minecraft:carrot":1,"minecraft:redstone":97,"betternether:cincinnasite":6,"betternether:lapis_pile":9,"artifacts:snorkel":3,"minecraft:arrow":45,"minecraft:rotten_flesh":20,"minecraft:nether_bricks":6,"minecraft:iron_block":1,"minecraft:gold_ingot":10,"betternether:cincinnasite_fire_bowl":1,"minecraft:obsidian":14,"minecraft:mutton":16,"minecraft:white_wool":9,"minecraft:cobblestone":159,"minecraft:cooked_beef":30,"minecraft:magma_cream":4,"minecraft:water_bucket":1,"minecraft:leather":11,"betternether:wall_mushroom_brown":3,"minecraft:flint":1,"minecraft:tuff":1,"minecraft:oak_log":32,"adventurez:gilded_blackstone_shard":2,"minecraft:gunpowder":2,"minecraft:dirt":22,"minecraft:lapis_lazuli":168,"artifacts:pickaxe_heater":3,"minecraft:cooked_mutton":1,"minecraft:bone":16,"minecraft:chipped_anvil":1,"minecraft:wheat_seeds":2,"minecraft:raw_gold":8,"minecraft:iron_ingot":45,"minecraft:stone_pickaxe":1,"minecraft:glowstone_dust":1,"minecraft:iron_sword":2,"minecraft:oak_planks":70,"minecraft:soul_sand":354,"minecraft:cooked_porkchop":25,"minecraft:quartz":74,"justhammers:iron_hammer":2,"minecraft:raw_iron_block":1,"minecraft:gravel":20,"minecraft:sand":92,"minecraft:blast_furnace":1,"minecraft:white_bed":1,"travelersbackpack:standard":2,"minecraft:stone_axe":1,"minecraft:diamond":32,"minecraft:iron_helmet":3,"minecraft:granite":6,"minecraft:coal":52,"minecraft:oak_sapling":3,"minecraft:netherrack":665,"minecraft:black_wool":1,"minecraft:diamond_pickaxe":2},"minecraft:dropped":{"minecraft:soul_sand":128,"minecraft:wheat_seeds":2,"minecraft:lapis_lazuli":7,"minecraft:oak_log":1,"minecraft:iron_helmet":1,"betternether:wall_mushroom_brown":1,"minecraft:iron_leggings":2,"minecraft:polished_blackstone_bricks":4,"minecraft:bone":2,"minecraft:stone_sword":1,"minecraft:tuff":1,"minecraft:rotten_flesh":19,"minecraft:nether_brick_fence":1,"betternether:lapis_pile":3,"minecraft:shield":1,"minecraft:gunpowder":2,"minecraft:wooden_pickaxe":1,"minecraft:stone_pickaxe":2,"minecraft:black_wool":1},"minecraft:mined":{"minecraft:tuff":1,"betternether:bone_block":1,"minecraft:white_bed":1,"minecraft:deepslate_diamond_ore":32,"minecraft:obsidian":15,"minecraft:nether_bricks":6,"minecraft:granite":6,"minecraft:grass_block":5,"minecraft:soul_soil":259,"minecraft:spruce_leaves":1,"betternether:cincinnasite_ore":2,"minecraft:spawner":1,"minecraft:polished_blackstone_bricks":2,"minecraft:raw_iron_block":1,"minecraft:furnace":3,"minecraft:iron_ore":43,"minecraft:deepslate_lapis_ore":20,"minecraft:nether_brick_fence":1,"minecraft:deepslate_iron_ore":65,"betternether:cincinnasite_fire_bowl":1,"betternether:nether_lapis_ore":2,"minecraft:stone":110,"minecraft:deepslate_redstone_ore":22,"minecraft:soul_sand":112,"minecraft:soul_fire":1,"minecraft:crafting_table":6,"minecraft:short_grass":9,"minecraft:blast_furnace":1,"betternether:mushroom_grass":2,"easyanvils:minecraft/chipped_anvil":1,"minecraft:nether_quartz_ore":36,"minecraft:cobblestone":11,"minecraft:deepslate_coal_ore":1,"minecraft:lapis_ore":5,"minecraft:deepslate_gold_ore":15,"minecraft:sugar_cane":1,"minecraft:oak_planks":4,"minecraft:diorite":6,"betternether:soul_sandstone":5,"minecraft:oak_log":31,"minecraft:coal_ore":38,"minecraft:gravel":21,"minecraft:sand":92,"minecraft:dirt":3,"minecraft:netherrack":432,"minecraft:gold_ore":3,"minecraft:oak_leaves":19,"minecraft:deepslate":28}},"DataVersion":3955}