{"stats":{"minecraft:custom":{"minecraft:interact_with_smithing_table":5,"minecraft:mob_kills":69,"minecraft:interact_with_anvil":1,"minecraft:interact_with_crafting_table":40,"minecraft:open_barrel":3,"minecraft:leave_game":1,"minecraft:time_since_death":97162,"minecraft:sprint_one_cm":247777,"minecraft:walk_one_cm":153568,"minecraft:damage_blocked_by_shield":1844,"minecraft:drop":17,"minecraft:play_time":97162,"minecraft:sneak_time":9314,"minecraft:walk_under_water_one_cm":15715,"minecraft:boat_one_cm":15977,"minecraft:jump":2455,"minecraft:interact_with_blast_furnace":4,"minecraft:walk_on_water_one_cm":19250,"minecraft:total_world_time":97162,"minecraft:interact_with_furnace":79,"minecraft:interact_with_cartography_table":1,"minecraft:sleep_in_bed":3,"minecraft:time_since_rest":30900,"minecraft:damage_taken":1779,"minecraft:damage_dealt":10566,"minecraft:swim_one_cm":25111,"minecraft:fly_one_cm":444876,"minecraft:open_chest":78,"minecraft:crouch_one_cm":17602,"minecraft:interact_with_smoker":1,"minecraft:fall_one_cm":66864},"minecraft:broken":{"minecraft:iron_pickaxe":1},"minecraft:crafted":{"minecraft:oak_planks":120,"minecraft:raw_iron":9,"travelersbackpack:crafting_upgrade":1,"minecraft:furnace":4,"travelersbackpack:blank_upgrade":4,"travelersbackpack:gold_tier_upgrade":1,"minecraft:cooked_mutton":15,"minecraft:flint_and_steel":1,"minecraft:glass":26,"travelersbackpack:white_sleeping_bag":1,"minecraft:iron_boots":1,"minecraft:iron_axe":1,"minecraft:stone_pickaxe":1,"minecraft:chest":6,"travelersbackpack:diamond_tier_upgrade":1,"minecraft:cooked_beef":28,"travelersbackpack:iron_tier_upgrade":1,"minecraft:cooked_porkchop":15,"minecraft:crafting_table":2,"minecraft:enchanting_table":1,"travelersbackpack:backpack_tank":4,"minecraft:wooden_pickaxe":1,"minecraft:iron_helmet":1,"travelersbackpack:standard":3,"minecraft:iron_sword":1,"minecraft:smithing_table":1,"minecraft:bucket":1,"minecraft:stone_axe":1,"minecraft:air":0,"minecraft:oak_boat":1,"justhammers:iron_hammer":1,"minecraft:book":1,"minecraft:paper":3,"minecraft:diamond_pickaxe":1,"minecraft:shield":1,"minecraft:stick":20,"minecraft:iron_ingot":97,"minecraft:iron_pickaxe":1,"minecraft:stone_sword":1,"minecraft:iron_leggings":1,"minecraft:iron_shovel":1,"minecraft:gold_ingot":16,"minecraft:white_bed":1},"minecraft:killed":{"minecraft:skeleton":15,"artifacts:mimic":2,"minecraft:pig":7,"minecraft:bat":1,"minecraft:creeper":1,"minecraft:sheep":10,"minecraft:zombie":18,"minecraft:cow":13},"minecraft:used":{"minecraft:enchanting_table":1,"minecraft:stone_sword":24,"minecraft:iron_shovel":92,"minecraft:flint_and_steel":1,"minecraft:chest":4,"minecraft:shield":40,"minecraft:iron_sword":118,"minecraft:dirt":18,"minecraft:carrot":1,"minecraft:granite":6,"minecraft:obsidian":10,"minecraft:chipped_anvil":1,"minecraft:iron_axe":3,"minecraft:sweet_berries":8,"minecraft:furnace":7,"minecraft:cooked_beef":13,"minecraft:cobbled_deepslate":25,"minecraft:cooked_mutton":11,"minecraft:water_bucket":14,"minecraft:diorite":6,"minecraft:stone_pickaxe":77,"minecraft:oak_planks":7,"minecraft:wooden_pickaxe":32,"minecraft:sugar_cane":1,"minecraft:sand":2,"minecraft:crafting_table":7,"minecraft:blast_furnace":1,"minecraft:white_bed":2,"minecraft:diamond_pickaxe":36,"minecraft:bread":1,"minecraft:iron_pickaxe":290,"minecraft:gravel":20,"minecraft:stone_axe":63,"minecraft:cobblestone":63,"travelersbackpack:standard":2,"minecraft:smithing_table":1,"minecraft:bucket":14,"minecraft:oak_boat":2},"minecraft:picked_up":{"minecraft:crafting_table":6,"minecraft:cobbled_deepslate":33,"minecraft:beef":28,"minecraft:oak_boat":2,"minecraft:sugar_cane":4,"minecraft:furnace":3,"minecraft:raw_iron":76,"minecraft:stick":2,"minecraft:porkchop":15,"minecraft:diorite":6,"minecraft:carrot":1,"minecraft:redstone":97,"artifacts:snorkel":1,"minecraft:arrow":15,"minecraft:rotten_flesh":20,"minecraft:gold_ingot":10,"minecraft:mutton":16,"minecraft:obsidian":14,"minecraft:white_wool":9,"minecraft:cobblestone":121,"minecraft:leather":10,"minecraft:flint":1,"minecraft:tuff":1,"minecraft:oak_log":31,"minecraft:gunpowder":2,"minecraft:dirt":22,"minecraft:lapis_lazuli":168,"artifacts:pickaxe_heater":1,"minecraft:cooked_mutton":1,"minecraft:chipped_anvil":1,"minecraft:bone":12,"minecraft:wheat_seeds":2,"minecraft:raw_gold":8,"minecraft:iron_ingot":45,"minecraft:stone_pickaxe":1,"minecraft:oak_planks":47,"minecraft:raw_iron_block":1,"minecraft:gravel":20,"minecraft:sand":92,"minecraft:blast_furnace":1,"minecraft:white_bed":1,"minecraft:diamond":32,"minecraft:granite":6,"minecraft:oak_sapling":3,"minecraft:coal":52,"minecraft:black_wool":1},"minecraft:dropped":{"minecraft:wheat_seeds":2,"minecraft:lapis_lazuli":7,"minecraft:oak_log":1,"minecraft:stone_sword":1,"minecraft:tuff":1,"minecraft:rotten_flesh":19,"minecraft:gunpowder":2,"minecraft:wooden_pickaxe":1,"minecraft:stone_pickaxe":2,"minecraft:black_wool":1},"minecraft:mined":{"minecraft:tuff":1,"minecraft:white_bed":1,"minecraft:deepslate_diamond_ore":32,"minecraft:obsidian":15,"minecraft:granite":6,"minecraft:grass_block":5,"minecraft:spruce_leaves":1,"minecraft:spawner":1,"minecraft:raw_iron_block":1,"minecraft:furnace":3,"minecraft:iron_ore":43,"minecraft:deepslate_lapis_ore":20,"minecraft:deepslate_iron_ore":65,"minecraft:stone":110,"minecraft:deepslate_redstone_ore":22,"minecraft:crafting_table":6,"minecraft:short_grass":9,"minecraft:blast_furnace":1,"easyanvils:minecraft/chipped_anvil":1,"minecraft:cobblestone":11,"minecraft:deepslate_coal_ore":1,"minecraft:lapis_ore":5,"minecraft:deepslate_gold_ore":15,"minecraft:sugar_cane":1,"minecraft:oak_planks":3,"minecraft:diorite":6,"minecraft:oak_log":30,"minecraft:coal_ore":38,"minecraft:gravel":21,"minecraft:sand":92,"minecraft:dirt":3,"minecraft:gold_ore":3,"minecraft:oak_leaves":14,"minecraft:deepslate":28}},"DataVersion":3955}